[{"model": "admin.logentry", "pk": 1, "fields": {"action_time": "2023-10-14T15:01:34.872Z", "user": 1, "content_type": 6, "object_id": "3", "object_repr": "Test", "action_flag": 3, "change_message": ""}}, {"model": "admin.logentry", "pk": 2, "fields": {"action_time": "2023-10-14T15:01:34.880Z", "user": 1, "content_type": 6, "object_id": "2", "object_repr": "Rasul", "action_flag": 3, "change_message": ""}}, {"model": "admin.logentry", "pk": 3, "fields": {"action_time": "2023-10-14T15:10:52.770Z", "user": 1, "content_type": 6, "object_id": "4", "object_repr": "test", "action_flag": 3, "change_message": ""}}, {"model": "admin.logentry", "pk": 4, "fields": {"action_time": "2023-10-14T15:17:00.146Z", "user": 1, "content_type": 6, "object_id": "5", "object_repr": "test", "action_flag": 3, "change_message": ""}}, {"model": "admin.logentry", "pk": 5, "fields": {"action_time": "2023-10-14T17:39:48.477Z", "user": 1, "content_type": 6, "object_id": "7", "object_repr": "Bek", "action_flag": 3, "change_message": ""}}, {"model": "admin.logentry", "pk": 6, "fields": {"action_time": "2023-10-14T17:40:09.956Z", "user": 1, "content_type": 6, "object_id": "6", "object_repr": "test", "action_flag": 3, "change_message": ""}}, {"model": "admin.logentry", "pk": 7, "fields": {"action_time": "2023-10-14T17:41:06.428Z", "user": 1, "content_type": 6, "object_id": "8", "object_repr": "test", "action_flag": 3, "change_message": ""}}, {"model": "admin.logentry", "pk": 8, "fields": {"action_time": "2023-10-14T22:20:12.221Z", "user": 1, "content_type": 6, "object_id": "10", "object_repr": "Rasul", "action_flag": 3, "change_message": ""}}, {"model": "admin.logentry", "pk": 9, "fields": {"action_time": "2023-10-14T22:20:12.270Z", "user": 1, "content_type": 6, "object_id": "9", "object_repr": "test", "action_flag": 3, "change_message": ""}}, {"model": "admin.logentry", "pk": 10, "fields": {"action_time": "2023-10-15T09:13:08.111Z", "user": 1, "content_type": 8, "object_id": "1", "object_repr": "Categories object (1)", "action_flag": 1, "change_message": "[{\"added\": {}}]"}}, {"model": "admin.logentry", "pk": 11, "fields": {"action_time": "2023-10-15T09:13:19.621Z", "user": 1, "content_type": 8, "object_id": "2", "object_repr": "Categories object (2)", "action_flag": 1, "change_message": "[{\"added\": {}}]"}}, {"model": "admin.logentry", "pk": 12, "fields": {"action_time": "2023-10-15T09:13:37.252Z", "user": 1, "content_type": 8, "object_id": "3", "object_repr": "Categories object (3)", "action_flag": 1, "change_message": "[{\"added\": {}}]"}}, {"model": "admin.logentry", "pk": 13, "fields": {"action_time": "2023-10-15T09:13:54.200Z", "user": 1, "content_type": 8, "object_id": "4", "object_repr": "Categories object (4)", "action_flag": 1, "change_message": "[{\"added\": {}}]"}}, {"model": "admin.logentry", "pk": 14, "fields": {"action_time": "2023-10-15T10:08:16.436Z", "user": 1, "content_type": 9, "object_id": "1", "object_repr": "Product object (1)", "action_flag": 1, "change_message": "[{\"added\": {}}]"}}, {"model": "admin.logentry", "pk": 15, "fields": {"action_time": "2023-10-15T10:09:40.441Z", "user": 1, "content_type": 9, "object_id": "2", "object_repr": "Product object (2)", "action_flag": 1, "change_message": "[{\"added\": {}}]"}}, {"model": "admin.logentry", "pk": 16, "fields": {"action_time": "2023-10-15T10:10:05.856Z", "user": 1, "content_type": 8, "object_id": "5", "object_repr": "Headphones", "action_flag": 1, "change_message": "[{\"added\": {}}]"}}, {"model": "admin.logentry", "pk": 17, "fields": {"action_time": "2023-10-15T10:13:40.518Z", "user": 1, "content_type": 9, "object_id": "3", "object_repr": "Product object (3)", "action_flag": 1, "change_message": "[{\"added\": {}}]"}}, {"model": "admin.logentry", "pk": 18, "fields": {"action_time": "2023-10-15T10:17:08.182Z", "user": 1, "content_type": 9, "object_id": "4", "object_repr": "Product object (4)", "action_flag": 1, "change_message": "[{\"added\": {}}]"}}, {"model": "admin.logentry", "pk": 19, "fields": {"action_time": "2023-10-15T10:25:26.122Z", "user": 1, "content_type": 9, "object_id": "5", "object_repr": "Product object (5)", "action_flag": 1, "change_message": "[{\"added\": {}}]"}}, {"model": "admin.logentry", "pk": 20, "fields": {"action_time": "2023-10-15T10:26:10.053Z", "user": 1, "content_type": 9, "object_id": "6", "object_repr": "Product object (6)", "action_flag": 1, "change_message": "[{\"added\": {}}]"}}, {"model": "admin.logentry", "pk": 21, "fields": {"action_time": "2023-10-15T10:27:36.525Z", "user": 1, "content_type": 9, "object_id": "7", "object_repr": "Product object (7)", "action_flag": 1, "change_message": "[{\"added\": {}}]"}}, {"model": "admin.logentry", "pk": 22, "fields": {"action_time": "2023-10-15T10:28:13.418Z", "user": 1, "content_type": 9, "object_id": "8", "object_repr": "Product object (8)", "action_flag": 1, "change_message": "[{\"added\": {}}]"}}, {"model": "admin.logentry", "pk": 23, "fields": {"action_time": "2023-10-15T16:09:23.412Z", "user": 1, "content_type": 9, "object_id": "5", "object_repr": "Apple Iphone 15 Pro", "action_flag": 2, "change_message": "[{\"changed\": {\"fields\": [\"Quantity\"]}}]"}}, {"model": "admin.logentry", "pk": 24, "fields": {"action_time": "2023-10-17T19:06:57.523Z", "user": 1, "content_type": 9, "object_id": "9", "object_repr": "SONY ZXC23", "action_flag": 1, "change_message": "[{\"added\": {}}]"}}, {"model": "admin.logentry", "pk": 25, "fields": {"action_time": "2023-10-17T19:07:21.071Z", "user": 1, "content_type": 9, "object_id": "9", "object_repr": "SONY ZXC23", "action_flag": 2, "change_message": "[]"}}, {"model": "admin.logentry", "pk": 26, "fields": {"action_time": "2023-10-17T19:07:53.282Z", "user": 1, "content_type": 9, "object_id": "10", "object_repr": "SONY R34", "action_flag": 1, "change_message": "[{\"added\": {}}]"}}, {"model": "admin.logentry", "pk": 27, "fields": {"action_time": "2023-10-17T19:08:38.913Z", "user": 1, "content_type": 9, "object_id": "11", "object_repr": "SONY CyberShot", "action_flag": 1, "change_message": "[{\"added\": {}}]"}}, {"model": "admin.logentry", "pk": 28, "fields": {"action_time": "2023-10-17T19:09:23.747Z", "user": 1, "content_type": 9, "object_id": "12", "object_repr": "BlackMagic PocketCinema", "action_flag": 1, "change_message": "[{\"added\": {}}]"}}, {"model": "admin.logentry", "pk": 29, "fields": {"action_time": "2023-10-18T10:22:35.004Z", "user": 1, "content_type": 9, "object_id": "9", "object_repr": "SONY ZXC23", "action_flag": 2, "change_message": "[{\"changed\": {\"fields\": [\"Quantity\"]}}]"}}, {"model": "admin.logentry", "pk": 30, "fields": {"action_time": "2023-10-19T06:58:19.353Z", "user": 1, "content_type": 7, "object_id": "5", "object_repr": "Profile object (5)", "action_flag": 3, "change_message": ""}}, {"model": "admin.logentry", "pk": 31, "fields": {"action_time": "2023-10-19T07:00:02.422Z", "user": 1, "content_type": 7, "object_id": "14", "object_repr": "Profile object (14)", "action_flag": 3, "change_message": ""}}, {"model": "admin.logentry", "pk": 32, "fields": {"action_time": "2023-10-19T07:00:26.722Z", "user": 1, "content_type": 7, "object_id": "15", "object_repr": "Profile object (15)", "action_flag": 3, "change_message": ""}}, {"model": "admin.logentry", "pk": 33, "fields": {"action_time": "2023-10-19T07:00:26.724Z", "user": 1, "content_type": 7, "object_id": "13", "object_repr": "Profile object (13)", "action_flag": 3, "change_message": ""}}, {"model": "admin.logentry", "pk": 34, "fields": {"action_time": "2023-10-19T07:00:26.725Z", "user": 1, "content_type": 7, "object_id": "12", "object_repr": "Profile object (12)", "action_flag": 3, "change_message": ""}}, {"model": "admin.logentry", "pk": 35, "fields": {"action_time": "2023-10-19T07:00:26.727Z", "user": 1, "content_type": 7, "object_id": "11", "object_repr": "Profile object (11)", "action_flag": 3, "change_message": ""}}, {"model": "admin.logentry", "pk": 36, "fields": {"action_time": "2023-10-19T07:00:26.729Z", "user": 1, "content_type": 7, "object_id": "10", "object_repr": "Profile object (10)", "action_flag": 3, "change_message": ""}}, {"model": "admin.logentry", "pk": 37, "fields": {"action_time": "2023-10-19T07:00:26.732Z", "user": 1, "content_type": 7, "object_id": "9", "object_repr": "Profile object (9)", "action_flag": 3, "change_message": ""}}, {"model": "admin.logentry", "pk": 38, "fields": {"action_time": "2023-10-19T07:00:26.733Z", "user": 1, "content_type": 7, "object_id": "8", "object_repr": "Profile object (8)", "action_flag": 3, "change_message": ""}}, {"model": "admin.logentry", "pk": 39, "fields": {"action_time": "2023-10-19T07:00:26.734Z", "user": 1, "content_type": 7, "object_id": "7", "object_repr": "Profile object (7)", "action_flag": 3, "change_message": ""}}, {"model": "admin.logentry", "pk": 40, "fields": {"action_time": "2023-10-19T07:00:26.736Z", "user": 1, "content_type": 7, "object_id": "6", "object_repr": "Profile object (6)", "action_flag": 3, "change_message": ""}}, {"model": "admin.logentry", "pk": 41, "fields": {"action_time": "2023-10-19T07:00:26.739Z", "user": 1, "content_type": 7, "object_id": "4", "object_repr": "Profile object (4)", "action_flag": 3, "change_message": ""}}, {"model": "admin.logentry", "pk": 42, "fields": {"action_time": "2023-10-19T07:00:26.740Z", "user": 1, "content_type": 7, "object_id": "3", "object_repr": "Profile object (3)", "action_flag": 3, "change_message": ""}}, {"model": "admin.logentry", "pk": 43, "fields": {"action_time": "2023-10-19T07:00:26.742Z", "user": 1, "content_type": 7, "object_id": "2", "object_repr": "Profile object (2)", "action_flag": 3, "change_message": ""}}, {"model": "admin.logentry", "pk": 44, "fields": {"action_time": "2023-10-19T07:00:54.283Z", "user": 1, "content_type": 6, "object_id": "27", "object_repr": "544534543f", "action_flag": 3, "change_message": ""}}, {"model": "admin.logentry", "pk": 45, "fields": {"action_time": "2023-10-19T07:00:54.286Z", "user": 1, "content_type": 6, "object_id": "26", "object_repr": "pffffffff", "action_flag": 3, "change_message": ""}}, {"model": "admin.logentry", "pk": 46, "fields": {"action_time": "2023-10-19T07:00:54.288Z", "user": 1, "content_type": 6, "object_id": "24", "object_repr": "btggtgtgt", "action_flag": 3, "change_message": ""}}, {"model": "admin.logentry", "pk": 47, "fields": {"action_time": "2023-10-19T07:00:54.291Z", "user": 1, "content_type": 6, "object_id": "23", "object_repr": "g5thrtrhtrhtrh", "action_flag": 3, "change_message": ""}}, {"model": "admin.logentry", "pk": 48, "fields": {"action_time": "2023-10-19T07:00:54.293Z", "user": 1, "content_type": 6, "object_id": "22", "object_repr": "77787", "action_flag": 3, "change_message": ""}}, {"model": "admin.logentry", "pk": 49, "fields": {"action_time": "2023-10-19T07:00:54.295Z", "user": 1, "content_type": 6, "object_id": "21", "object_repr": "ggggg", "action_flag": 3, "change_message": ""}}, {"model": "admin.logentry", "pk": 50, "fields": {"action_time": "2023-10-19T07:00:54.298Z", "user": 1, "content_type": 6, "object_id": "20", "object_repr": "kfrgoek", "action_flag": 3, "change_message": ""}}, {"model": "admin.logentry", "pk": 51, "fields": {"action_time": "2023-10-19T07:00:54.300Z", "user": 1, "content_type": 6, "object_id": "19", "object_repr": "dwdwd332", "action_flag": 3, "change_message": ""}}, {"model": "admin.logentry", "pk": 52, "fields": {"action_time": "2023-10-19T07:00:54.303Z", "user": 1, "content_type": 6, "object_id": "18", "object_repr": "dwdwd", "action_flag": 3, "change_message": ""}}, {"model": "admin.logentry", "pk": 53, "fields": {"action_time": "2023-10-19T07:00:54.305Z", "user": 1, "content_type": 6, "object_id": "17", "object_repr": "Amir", "action_flag": 3, "change_message": ""}}, {"model": "admin.logentry", "pk": 54, "fields": {"action_time": "2023-10-19T07:00:54.307Z", "user": 1, "content_type": 6, "object_id": "16", "object_repr": "ioio", "action_flag": 3, "change_message": ""}}, {"model": "admin.logentry", "pk": 55, "fields": {"action_time": "2023-10-19T07:00:54.311Z", "user": 1, "content_type": 6, "object_id": "15", "object_repr": "@alsu", "action_flag": 3, "change_message": ""}}, {"model": "admin.logentry", "pk": 56, "fields": {"action_time": "2023-10-19T07:00:54.313Z", "user": 1, "content_type": 6, "object_id": "14", "object_repr": "TEST", "action_flag": 3, "change_message": ""}}, {"model": "admin.logentry", "pk": 57, "fields": {"action_time": "2023-10-19T07:00:54.315Z", "user": 1, "content_type": 6, "object_id": "13", "object_repr": "Xz", "action_flag": 3, "change_message": ""}}, {"model": "admin.logentry", "pk": 58, "fields": {"action_time": "2023-10-19T07:00:54.317Z", "user": 1, "content_type": 6, "object_id": "12", "object_repr": "Alima", "action_flag": 3, "change_message": ""}}, {"model": "admin.logentry", "pk": 59, "fields": {"action_time": "2023-10-19T07:25:04.597Z", "user": 1, "content_type": 9, "object_id": "1", "object_repr": "MSI G63", "action_flag": 2, "change_message": "[{\"changed\": {\"fields\": [\"Quantity\"]}}]"}}, {"model": "admin.logentry", "pk": 60, "fields": {"action_time": "2023-10-19T07:25:16.960Z", "user": 1, "content_type": 9, "object_id": "5", "object_repr": "Apple Iphone 15 Pro", "action_flag": 2, "change_message": "[{\"changed\": {\"fields\": [\"Quantity\"]}}]"}}, {"model": "admin.logentry", "pk": 61, "fields": {"action_time": "2023-10-19T07:25:54.147Z", "user": 1, "content_type": 9, "object_id": "4", "object_repr": "ASUS ROG Flow X16", "action_flag": 2, "change_message": "[{\"changed\": {\"fields\": [\"Quantity\"]}}]"}}, {"model": "admin.logentry", "pk": 62, "fields": {"action_time": "2023-10-19T07:30:49.969Z", "user": 1, "content_type": 10, "object_id": "16", "object_repr": "CartItem object (16)", "action_flag": 3, "change_message": ""}}, {"model": "admin.logentry", "pk": 63, "fields": {"action_time": "2023-10-19T07:30:49.972Z", "user": 1, "content_type": 10, "object_id": "15", "object_repr": "CartItem object (15)", "action_flag": 3, "change_message": ""}}, {"model": "admin.logentry", "pk": 64, "fields": {"action_time": "2023-10-19T07:30:49.974Z", "user": 1, "content_type": 10, "object_id": "14", "object_repr": "CartItem object (14)", "action_flag": 3, "change_message": ""}}, {"model": "admin.logentry", "pk": 65, "fields": {"action_time": "2023-10-19T07:30:49.976Z", "user": 1, "content_type": 10, "object_id": "13", "object_repr": "CartItem object (13)", "action_flag": 3, "change_message": ""}}, {"model": "admin.logentry", "pk": 66, "fields": {"action_time": "2023-10-19T07:30:49.978Z", "user": 1, "content_type": 10, "object_id": "12", "object_repr": "CartItem object (12)", "action_flag": 3, "change_message": ""}}, {"model": "admin.logentry", "pk": 67, "fields": {"action_time": "2023-10-19T08:40:19.528Z", "user": 1, "content_type": 10, "object_id": "8", "object_repr": "CartItem object (8)", "action_flag": 3, "change_message": ""}}, {"model": "admin.logentry", "pk": 68, "fields": {"action_time": "2023-10-19T08:41:59.930Z", "user": 1, "content_type": 9, "object_id": "9", "object_repr": "SONY ZXC23", "action_flag": 2, "change_message": "[{\"changed\": {\"fields\": [\"Quantity\"]}}]"}}, {"model": "admin.logentry", "pk": 69, "fields": {"action_time": "2023-10-19T08:43:02.775Z", "user": 1, "content_type": 9, "object_id": "6", "object_repr": "Apple Iphone 14", "action_flag": 2, "change_message": "[{\"changed\": {\"fields\": [\"Quantity\"]}}]"}}, {"model": "admin.logentry", "pk": 70, "fields": {"action_time": "2023-10-19T08:46:21.893Z", "user": 1, "content_type": 10, "object_id": "2", "object_repr": "CartItem object (2)", "action_flag": 2, "change_message": "[{\"changed\": {\"fields\": [\"Quantity\"]}}]"}}, {"model": "admin.logentry", "pk": 71, "fields": {"action_time": "2023-10-19T08:46:56.463Z", "user": 1, "content_type": 10, "object_id": "2", "object_repr": "CartItem object (2)", "action_flag": 3, "change_message": ""}}, {"model": "admin.logentry", "pk": 72, "fields": {"action_time": "2023-10-19T08:49:19.960Z", "user": 1, "content_type": 10, "object_id": "22", "object_repr": "CartItem object (22)", "action_flag": 3, "change_message": ""}}, {"model": "admin.logentry", "pk": 73, "fields": {"action_time": "2023-10-19T18:48:40.386Z", "user": 1, "content_type": 10, "object_id": "23", "object_repr": "CartItem object (23)", "action_flag": 3, "change_message": ""}}, {"model": "admin.logentry", "pk": 74, "fields": {"action_time": "2023-10-19T18:48:40.430Z", "user": 1, "content_type": 10, "object_id": "21", "object_repr": "CartItem object (21)", "action_flag": 3, "change_message": ""}}, {"model": "admin.logentry", "pk": 75, "fields": {"action_time": "2023-10-19T18:48:40.436Z", "user": 1, "content_type": 10, "object_id": "20", "object_repr": "CartItem object (20)", "action_flag": 3, "change_message": ""}}, {"model": "admin.logentry", "pk": 76, "fields": {"action_time": "2023-10-19T18:48:40.440Z", "user": 1, "content_type": 10, "object_id": "19", "object_repr": "CartItem object (19)", "action_flag": 3, "change_message": ""}}, {"model": "admin.logentry", "pk": 77, "fields": {"action_time": "2023-10-19T18:48:40.444Z", "user": 1, "content_type": 10, "object_id": "18", "object_repr": "CartItem object (18)", "action_flag": 3, "change_message": ""}}, {"model": "admin.logentry", "pk": 78, "fields": {"action_time": "2023-10-19T18:48:40.448Z", "user": 1, "content_type": 10, "object_id": "17", "object_repr": "CartItem object (17)", "action_flag": 3, "change_message": ""}}, {"model": "admin.logentry", "pk": 79, "fields": {"action_time": "2023-10-19T18:48:40.451Z", "user": 1, "content_type": 10, "object_id": "11", "object_repr": "CartItem object (11)", "action_flag": 3, "change_message": ""}}, {"model": "admin.logentry", "pk": 80, "fields": {"action_time": "2023-10-19T18:48:40.455Z", "user": 1, "content_type": 10, "object_id": "10", "object_repr": "CartItem object (10)", "action_flag": 3, "change_message": ""}}, {"model": "admin.logentry", "pk": 81, "fields": {"action_time": "2023-10-19T18:48:40.459Z", "user": 1, "content_type": 10, "object_id": "9", "object_repr": "CartItem object (9)", "action_flag": 3, "change_message": ""}}, {"model": "admin.logentry", "pk": 82, "fields": {"action_time": "2023-10-19T18:48:40.463Z", "user": 1, "content_type": 10, "object_id": "7", "object_repr": "CartItem object (7)", "action_flag": 3, "change_message": ""}}, {"model": "admin.logentry", "pk": 83, "fields": {"action_time": "2023-10-19T18:48:40.471Z", "user": 1, "content_type": 10, "object_id": "6", "object_repr": "CartItem object (6)", "action_flag": 3, "change_message": ""}}, {"model": "admin.logentry", "pk": 84, "fields": {"action_time": "2023-10-19T18:48:40.475Z", "user": 1, "content_type": 10, "object_id": "5", "object_repr": "CartItem object (5)", "action_flag": 3, "change_message": ""}}, {"model": "admin.logentry", "pk": 85, "fields": {"action_time": "2023-10-19T18:48:40.478Z", "user": 1, "content_type": 10, "object_id": "4", "object_repr": "CartItem object (4)", "action_flag": 3, "change_message": ""}}, {"model": "admin.logentry", "pk": 86, "fields": {"action_time": "2023-10-19T18:48:40.482Z", "user": 1, "content_type": 10, "object_id": "3", "object_repr": "CartItem object (3)", "action_flag": 3, "change_message": ""}}, {"model": "admin.logentry", "pk": 87, "fields": {"action_time": "2023-10-19T18:48:40.486Z", "user": 1, "content_type": 10, "object_id": "1", "object_repr": "CartItem object (1)", "action_flag": 3, "change_message": ""}}, {"model": "admin.logentry", "pk": 88, "fields": {"action_time": "2023-10-19T19:04:19.046Z", "user": 1, "content_type": 10, "object_id": "24", "object_repr": "CartItem object (24)", "action_flag": 3, "change_message": ""}}, {"model": "admin.logentry", "pk": 89, "fields": {"action_time": "2023-10-19T19:06:21.644Z", "user": 1, "content_type": 10, "object_id": "25", "object_repr": "CartItem object (25)", "action_flag": 3, "change_message": ""}}, {"model": "admin.logentry", "pk": 90, "fields": {"action_time": "2023-10-19T19:13:07.304Z", "user": 1, "content_type": 10, "object_id": "26", "object_repr": "CartItem object (26)", "action_flag": 3, "change_message": ""}}, {"model": "admin.logentry", "pk": 91, "fields": {"action_time": "2023-10-19T20:03:25.166Z", "user": 1, "content_type": 10, "object_id": "27", "object_repr": "CartItem object (27)", "action_flag": 3, "change_message": ""}}, {"model": "admin.logentry", "pk": 92, "fields": {"action_time": "2023-10-19T20:05:17.940Z", "user": 1, "content_type": 10, "object_id": "28", "object_repr": "CartItem object (28)", "action_flag": 3, "change_message": ""}}, {"model": "admin.logentry", "pk": 93, "fields": {"action_time": "2023-10-19T20:08:48.671Z", "user": 1, "content_type": 10, "object_id": "29", "object_repr": "CartItem object (29)", "action_flag": 3, "change_message": ""}}, {"model": "admin.logentry", "pk": 94, "fields": {"action_time": "2023-10-19T20:09:14.045Z", "user": 1, "content_type": 10, "object_id": "30", "object_repr": "CartItem object (30)", "action_flag": 3, "change_message": ""}}, {"model": "admin.logentry", "pk": 95, "fields": {"action_time": "2023-10-19T20:12:07.061Z", "user": 1, "content_type": 10, "object_id": "31", "object_repr": "CartItem object (31)", "action_flag": 3, "change_message": ""}}, {"model": "admin.logentry", "pk": 96, "fields": {"action_time": "2023-10-19T20:13:25.583Z", "user": 1, "content_type": 10, "object_id": "32", "object_repr": "CartItem object (32)", "action_flag": 3, "change_message": ""}}, {"model": "admin.logentry", "pk": 97, "fields": {"action_time": "2023-10-19T20:13:45.730Z", "user": 1, "content_type": 10, "object_id": "33", "object_repr": "CartItem object (33)", "action_flag": 3, "change_message": ""}}, {"model": "admin.logentry", "pk": 98, "fields": {"action_time": "2023-10-19T20:14:04.457Z", "user": 1, "content_type": 10, "object_id": "34", "object_repr": "CartItem object (34)", "action_flag": 3, "change_message": ""}}, {"model": "admin.logentry", "pk": 99, "fields": {"action_time": "2023-10-19T20:15:33.415Z", "user": 1, "content_type": 10, "object_id": "35", "object_repr": "CartItem object (35)", "action_flag": 3, "change_message": ""}}, {"model": "admin.logentry", "pk": 100, "fields": {"action_time": "2023-10-19T20:19:04.796Z", "user": 1, "content_type": 10, "object_id": "36", "object_repr": "CartItem object (36)", "action_flag": 3, "change_message": ""}}, {"model": "admin.logentry", "pk": 101, "fields": {"action_time": "2023-10-19T20:21:36.666Z", "user": 1, "content_type": 10, "object_id": "37", "object_repr": "CartItem object (37)", "action_flag": 3, "change_message": ""}}, {"model": "admin.logentry", "pk": 102, "fields": {"action_time": "2023-10-19T20:24:51.804Z", "user": 1, "content_type": 10, "object_id": "38", "object_repr": "CartItem object (38)", "action_flag": 3, "change_message": ""}}, {"model": "admin.logentry", "pk": 103, "fields": {"action_time": "2023-10-19T20:27:04.519Z", "user": 1, "content_type": 10, "object_id": "39", "object_repr": "CartItem object (39)", "action_flag": 3, "change_message": ""}}, {"model": "admin.logentry", "pk": 104, "fields": {"action_time": "2023-10-19T20:28:31.205Z", "user": 1, "content_type": 10, "object_id": "40", "object_repr": "CartItem object (40)", "action_flag": 3, "change_message": ""}}, {"model": "admin.logentry", "pk": 105, "fields": {"action_time": "2023-10-19T20:39:49.489Z", "user": 1, "content_type": 10, "object_id": "41", "object_repr": "CartItem object (41)", "action_flag": 3, "change_message": ""}}, {"model": "admin.logentry", "pk": 106, "fields": {"action_time": "2023-10-19T20:41:00.360Z", "user": 1, "content_type": 10, "object_id": "42", "object_repr": "CartItem object (42)", "action_flag": 3, "change_message": ""}}, {"model": "admin.logentry", "pk": 107, "fields": {"action_time": "2023-10-19T20:41:17.382Z", "user": 1, "content_type": 10, "object_id": "43", "object_repr": "CartItem object (43)", "action_flag": 3, "change_message": ""}}, {"model": "admin.logentry", "pk": 108, "fields": {"action_time": "2023-10-19T20:44:45.428Z", "user": 1, "content_type": 10, "object_id": "44", "object_repr": "CartItem object (44)", "action_flag": 3, "change_message": ""}}, {"model": "admin.logentry", "pk": 109, "fields": {"action_time": "2023-10-19T20:45:23.467Z", "user": 1, "content_type": 10, "object_id": "45", "object_repr": "CartItem object (45)", "action_flag": 3, "change_message": ""}}, {"model": "admin.logentry", "pk": 110, "fields": {"action_time": "2023-10-19T20:47:29.008Z", "user": 1, "content_type": 10, "object_id": "46", "object_repr": "CartItem object (46)", "action_flag": 3, "change_message": ""}}, {"model": "admin.logentry", "pk": 111, "fields": {"action_time": "2023-10-19T20:48:04.619Z", "user": 1, "content_type": 10, "object_id": "47", "object_repr": "CartItem object (47)", "action_flag": 3, "change_message": ""}}, {"model": "admin.logentry", "pk": 112, "fields": {"action_time": "2023-10-19T20:50:23.362Z", "user": 1, "content_type": 10, "object_id": "48", "object_repr": "CartItem object (48)", "action_flag": 3, "change_message": ""}}, {"model": "admin.logentry", "pk": 113, "fields": {"action_time": "2023-10-19T21:02:06.336Z", "user": 1, "content_type": 10, "object_id": "49", "object_repr": "CartItem object (49)", "action_flag": 3, "change_message": ""}}, {"model": "admin.logentry", "pk": 114, "fields": {"action_time": "2023-10-19T21:07:00.468Z", "user": 1, "content_type": 10, "object_id": "50", "object_repr": "CartItem object (50)", "action_flag": 3, "change_message": ""}}, {"model": "admin.logentry", "pk": 115, "fields": {"action_time": "2023-10-19T21:08:29.057Z", "user": 1, "content_type": 10, "object_id": "51", "object_repr": "CartItem object (51)", "action_flag": 3, "change_message": ""}}, {"model": "admin.logentry", "pk": 116, "fields": {"action_time": "2023-10-19T21:09:14.609Z", "user": 1, "content_type": 10, "object_id": "52", "object_repr": "CartItem object (52)", "action_flag": 3, "change_message": ""}}, {"model": "admin.logentry", "pk": 117, "fields": {"action_time": "2023-10-19T21:10:48.946Z", "user": 1, "content_type": 10, "object_id": "53", "object_repr": "CartItem object (53)", "action_flag": 3, "change_message": ""}}, {"model": "admin.logentry", "pk": 118, "fields": {"action_time": "2023-10-19T21:13:13.939Z", "user": 1, "content_type": 10, "object_id": "54", "object_repr": "CartItem object (54)", "action_flag": 3, "change_message": ""}}, {"model": "admin.logentry", "pk": 119, "fields": {"action_time": "2023-10-19T21:27:36.541Z", "user": 1, "content_type": 10, "object_id": "55", "object_repr": "CartItem object (55)", "action_flag": 3, "change_message": ""}}, {"model": "admin.logentry", "pk": 120, "fields": {"action_time": "2023-10-19T21:46:20.017Z", "user": 1, "content_type": 10, "object_id": "59", "object_repr": "CartItem object (59)", "action_flag": 3, "change_message": ""}}, {"model": "admin.logentry", "pk": 121, "fields": {"action_time": "2023-10-19T21:46:20.019Z", "user": 1, "content_type": 10, "object_id": "58", "object_repr": "CartItem object (58)", "action_flag": 3, "change_message": ""}}, {"model": "admin.logentry", "pk": 122, "fields": {"action_time": "2023-10-19T21:46:20.021Z", "user": 1, "content_type": 10, "object_id": "57", "object_repr": "CartItem object (57)", "action_flag": 3, "change_message": ""}}, {"model": "admin.logentry", "pk": 123, "fields": {"action_time": "2023-10-19T21:46:20.024Z", "user": 1, "content_type": 10, "object_id": "56", "object_repr": "CartItem object (56)", "action_flag": 3, "change_message": ""}}, {"model": "admin.logentry", "pk": 124, "fields": {"action_time": "2023-10-19T21:56:52.877Z", "user": 1, "content_type": 10, "object_id": "61", "object_repr": "CartItem object (61)", "action_flag": 3, "change_message": ""}}, {"model": "admin.logentry", "pk": 125, "fields": {"action_time": "2023-10-19T21:56:52.880Z", "user": 1, "content_type": 10, "object_id": "60", "object_repr": "CartItem object (60)", "action_flag": 3, "change_message": ""}}, {"model": "admin.logentry", "pk": 126, "fields": {"action_time": "2023-10-19T21:57:27.694Z", "user": 1, "content_type": 10, "object_id": "62", "object_repr": "CartItem object (62)", "action_flag": 3, "change_message": ""}}, {"model": "admin.logentry", "pk": 127, "fields": {"action_time": "2023-10-21T04:08:28.927Z", "user": 1, "content_type": 10, "object_id": "65", "object_repr": "CartItem object (65)", "action_flag": 3, "change_message": ""}}, {"model": "admin.logentry", "pk": 128, "fields": {"action_time": "2023-10-21T04:08:28.944Z", "user": 1, "content_type": 10, "object_id": "64", "object_repr": "CartItem object (64)", "action_flag": 3, "change_message": ""}}, {"model": "admin.logentry", "pk": 129, "fields": {"action_time": "2023-10-21T04:08:28.949Z", "user": 1, "content_type": 10, "object_id": "63", "object_repr": "CartItem object (63)", "action_flag": 3, "change_message": ""}}, {"model": "admin.logentry", "pk": 130, "fields": {"action_time": "2023-10-21T04:22:46.578Z", "user": 1, "content_type": 10, "object_id": "67", "object_repr": "CartItem object (67)", "action_flag": 3, "change_message": ""}}, {"model": "admin.logentry", "pk": 131, "fields": {"action_time": "2023-10-21T04:22:46.583Z", "user": 1, "content_type": 10, "object_id": "66", "object_repr": "CartItem object (66)", "action_flag": 3, "change_message": ""}}, {"model": "admin.logentry", "pk": 132, "fields": {"action_time": "2023-10-21T14:47:58.572Z", "user": 1, "content_type": 10, "object_id": "68", "object_repr": "CartItem object (68)", "action_flag": 3, "change_message": ""}}, {"model": "admin.logentry", "pk": 133, "fields": {"action_time": "2023-10-21T14:51:40.430Z", "user": 1, "content_type": 9, "object_id": "1", "object_repr": "MSI G63", "action_flag": 2, "change_message": "[{\"changed\": {\"fields\": [\"Quantity\"]}}]"}}, {"model": "admin.logentry", "pk": 134, "fields": {"action_time": "2023-10-21T14:57:50.338Z", "user": 1, "content_type": 9, "object_id": "1", "object_repr": "MSI G63", "action_flag": 2, "change_message": "[{\"changed\": {\"fields\": [\"Quantity\"]}}]"}}, {"model": "admin.logentry", "pk": 135, "fields": {"action_time": "2023-10-21T21:24:04.214Z", "user": 1, "content_type": 10, "object_id": "71", "object_repr": "CartItem object (71)", "action_flag": 3, "change_message": ""}}, {"model": "admin.logentry", "pk": 136, "fields": {"action_time": "2023-10-21T21:24:04.255Z", "user": 1, "content_type": 10, "object_id": "70", "object_repr": "CartItem object (70)", "action_flag": 3, "change_message": ""}}, {"model": "admin.logentry", "pk": 137, "fields": {"action_time": "2023-10-21T21:24:04.260Z", "user": 1, "content_type": 10, "object_id": "69", "object_repr": "CartItem object (69)", "action_flag": 3, "change_message": ""}}, {"model": "admin.logentry", "pk": 138, "fields": {"action_time": "2023-10-24T16:24:49.418Z", "user": 1, "content_type": 10, "object_id": "76", "object_repr": "CartItem object (76)", "action_flag": 3, "change_message": ""}}, {"model": "admin.logentry", "pk": 139, "fields": {"action_time": "2023-10-24T16:24:49.435Z", "user": 1, "content_type": 10, "object_id": "75", "object_repr": "CartItem object (75)", "action_flag": 3, "change_message": ""}}, {"model": "admin.logentry", "pk": 140, "fields": {"action_time": "2023-10-24T16:24:49.439Z", "user": 1, "content_type": 10, "object_id": "74", "object_repr": "CartItem object (74)", "action_flag": 3, "change_message": ""}}, {"model": "admin.logentry", "pk": 141, "fields": {"action_time": "2023-10-24T16:24:49.443Z", "user": 1, "content_type": 10, "object_id": "73", "object_repr": "CartItem object (73)", "action_flag": 3, "change_message": ""}}, {"model": "admin.logentry", "pk": 142, "fields": {"action_time": "2023-10-24T16:24:49.447Z", "user": 1, "content_type": 10, "object_id": "72", "object_repr": "CartItem object (72)", "action_flag": 3, "change_message": ""}}, {"model": "admin.logentry", "pk": 143, "fields": {"action_time": "2023-10-24T16:25:42.454Z", "user": 1, "content_type": 9, "object_id": "7", "object_repr": "Samsung S23 Ultra", "action_flag": 2, "change_message": "[{\"changed\": {\"fields\": [\"Quantity\"]}}]"}}, {"model": "admin.logentry", "pk": 144, "fields": {"action_time": "2023-10-24T16:25:49.404Z", "user": 1, "content_type": 9, "object_id": "3", "object_repr": "ASUS X515EP-19", "action_flag": 2, "change_message": "[{\"changed\": {\"fields\": [\"Quantity\"]}}]"}}, {"model": "admin.logentry", "pk": 145, "fields": {"action_time": "2023-10-24T16:25:55.525Z", "user": 1, "content_type": 9, "object_id": "1", "object_repr": "MSI G63", "action_flag": 2, "change_message": "[{\"changed\": {\"fields\": [\"Quantity\"]}}]"}}, {"model": "admin.logentry", "pk": 146, "fields": {"action_time": "2023-10-24T16:26:01.006Z", "user": 1, "content_type": 9, "object_id": "12", "object_repr": "BlackMagic PocketCinema", "action_flag": 2, "change_message": "[{\"changed\": {\"fields\": [\"Quantity\"]}}]"}}, {"model": "admin.logentry", "pk": 147, "fields": {"action_time": "2023-10-24T16:26:07.508Z", "user": 1, "content_type": 9, "object_id": "8", "object_repr": "POCO M4 Pro (Dangerous)", "action_flag": 2, "change_message": "[{\"changed\": {\"fields\": [\"Quantity\"]}}]"}}, {"model": "admin.logentry", "pk": 148, "fields": {"action_time": "2023-10-24T16:26:33.035Z", "user": 1, "content_type": 9, "object_id": "2", "object_repr": "Apple Mac Book Air 2018", "action_flag": 2, "change_message": "[{\"changed\": {\"fields\": [\"Quantity\"]}}]"}}, {"model": "admin.logentry", "pk": 149, "fields": {"action_time": "2023-10-24T17:14:05.794Z", "user": 1, "content_type": 10, "object_id": "78", "object_repr": "CartItem object (78)", "action_flag": 3, "change_message": ""}}, {"model": "admin.logentry", "pk": 150, "fields": {"action_time": "2023-10-30T02:27:16.704Z", "user": 1, "content_type": 11, "object_id": "1", "object_repr": "WishListItem object (1)", "action_flag": 1, "change_message": "[{\"added\": {}}]"}}, {"model": "admin.logentry", "pk": 151, "fields": {"action_time": "2023-10-30T02:34:10.855Z", "user": 1, "content_type": 11, "object_id": "1", "object_repr": "WishListItem object (1)", "action_flag": 3, "change_message": ""}}, {"model": "admin.logentry", "pk": 152, "fields": {"action_time": "2023-10-30T03:40:22.507Z", "user": 1, "content_type": 11, "object_id": "2", "object_repr": "WishListItem object (2)", "action_flag": 3, "change_message": ""}}, {"model": "admin.logentry", "pk": 153, "fields": {"action_time": "2023-10-30T03:55:29.135Z", "user": 1, "content_type": 11, "object_id": "3", "object_repr": "WishListItem object (3)", "action_flag": 3, "change_message": ""}}, {"model": "admin.logentry", "pk": 154, "fields": {"action_time": "2023-10-30T04:13:26.388Z", "user": 1, "content_type": 11, "object_id": "6", "object_repr": "WishListItem object (6)", "action_flag": 3, "change_message": ""}}, {"model": "admin.logentry", "pk": 155, "fields": {"action_time": "2023-10-30T04:13:26.393Z", "user": 1, "content_type": 11, "object_id": "5", "object_repr": "WishListItem object (5)", "action_flag": 3, "change_message": ""}}, {"model": "admin.logentry", "pk": 156, "fields": {"action_time": "2023-10-30T04:13:26.397Z", "user": 1, "content_type": 11, "object_id": "4", "object_repr": "WishListItem object (4)", "action_flag": 3, "change_message": ""}}, {"model": "admin.logentry", "pk": 157, "fields": {"action_time": "2023-10-30T05:36:45.082Z", "user": 1, "content_type": 11, "object_id": "13", "object_repr": "WishListItem object (13)", "action_flag": 3, "change_message": ""}}, {"model": "admin.logentry", "pk": 158, "fields": {"action_time": "2023-10-30T05:36:45.088Z", "user": 1, "content_type": 11, "object_id": "12", "object_repr": "WishListItem object (12)", "action_flag": 3, "change_message": ""}}, {"model": "admin.logentry", "pk": 159, "fields": {"action_time": "2023-10-30T05:36:45.092Z", "user": 1, "content_type": 11, "object_id": "11", "object_repr": "WishListItem object (11)", "action_flag": 3, "change_message": ""}}, {"model": "admin.logentry", "pk": 160, "fields": {"action_time": "2023-10-30T05:36:45.098Z", "user": 1, "content_type": 11, "object_id": "10", "object_repr": "WishListItem object (10)", "action_flag": 3, "change_message": ""}}, {"model": "admin.logentry", "pk": 161, "fields": {"action_time": "2023-10-30T05:36:45.102Z", "user": 1, "content_type": 11, "object_id": "9", "object_repr": "WishListItem object (9)", "action_flag": 3, "change_message": ""}}, {"model": "admin.logentry", "pk": 162, "fields": {"action_time": "2023-10-30T05:36:45.107Z", "user": 1, "content_type": 11, "object_id": "8", "object_repr": "WishListItem object (8)", "action_flag": 3, "change_message": ""}}, {"model": "admin.logentry", "pk": 163, "fields": {"action_time": "2023-10-30T05:36:45.112Z", "user": 1, "content_type": 11, "object_id": "7", "object_repr": "WishListItem object (7)", "action_flag": 3, "change_message": ""}}, {"model": "admin.logentry", "pk": 164, "fields": {"action_time": "2023-10-30T05:39:09.738Z", "user": 1, "content_type": 11, "object_id": "15", "object_repr": "WishListItem object (15)", "action_flag": 3, "change_message": ""}}, {"model": "admin.logentry", "pk": 165, "fields": {"action_time": "2023-10-30T05:39:09.745Z", "user": 1, "content_type": 11, "object_id": "14", "object_repr": "WishListItem object (14)", "action_flag": 3, "change_message": ""}}, {"model": "admin.logentry", "pk": 166, "fields": {"action_time": "2023-10-30T05:40:29.978Z", "user": 1, "content_type": 11, "object_id": "17", "object_repr": "WishListItem object (17)", "action_flag": 3, "change_message": ""}}, {"model": "admin.logentry", "pk": 167, "fields": {"action_time": "2023-10-30T05:40:29.989Z", "user": 1, "content_type": 11, "object_id": "16", "object_repr": "WishListItem object (16)", "action_flag": 3, "change_message": ""}}, {"model": "admin.logentry", "pk": 168, "fields": {"action_time": "2023-10-30T05:43:29.924Z", "user": 1, "content_type": 11, "object_id": "18", "object_repr": "WishListItem object (18)", "action_flag": 3, "change_message": ""}}, {"model": "admin.logentry", "pk": 169, "fields": {"action_time": "2023-10-30T05:45:01.831Z", "user": 1, "content_type": 11, "object_id": "21", "object_repr": "WishListItem object (21)", "action_flag": 3, "change_message": ""}}, {"model": "admin.logentry", "pk": 170, "fields": {"action_time": "2023-10-30T05:45:01.836Z", "user": 1, "content_type": 11, "object_id": "20", "object_repr": "WishListItem object (20)", "action_flag": 3, "change_message": ""}}, {"model": "admin.logentry", "pk": 171, "fields": {"action_time": "2023-10-30T05:45:01.840Z", "user": 1, "content_type": 11, "object_id": "19", "object_repr": "WishListItem object (19)", "action_flag": 3, "change_message": ""}}, {"model": "admin.logentry", "pk": 172, "fields": {"action_time": "2023-10-30T05:46:14.870Z", "user": 1, "content_type": 11, "object_id": "22", "object_repr": "WishListItem object (22)", "action_flag": 3, "change_message": ""}}, {"model": "admin.logentry", "pk": 173, "fields": {"action_time": "2023-10-30T05:46:28.798Z", "user": 1, "content_type": 11, "object_id": "23", "object_repr": "WishListItem object (23)", "action_flag": 3, "change_message": ""}}, {"model": "admin.logentry", "pk": 174, "fields": {"action_time": "2023-10-30T05:48:00.837Z", "user": 1, "content_type": 11, "object_id": "24", "object_repr": "WishListItem object (24)", "action_flag": 3, "change_message": ""}}, {"model": "admin.logentry", "pk": 175, "fields": {"action_time": "2023-10-30T05:48:33.337Z", "user": 1, "content_type": 11, "object_id": "25", "object_repr": "WishListItem object (25)", "action_flag": 3, "change_message": ""}}, {"model": "admin.logentry", "pk": 176, "fields": {"action_time": "2023-10-30T05:48:47.956Z", "user": 1, "content_type": 11, "object_id": "26", "object_repr": "WishListItem object (26)", "action_flag": 3, "change_message": ""}}, {"model": "admin.logentry", "pk": 177, "fields": {"action_time": "2023-10-30T05:49:17.163Z", "user": 1, "content_type": 11, "object_id": "27", "object_repr": "WishListItem object (27)", "action_flag": 3, "change_message": ""}}, {"model": "admin.logentry", "pk": 178, "fields": {"action_time": "2023-10-30T06:00:02.994Z", "user": 1, "content_type": 11, "object_id": "28", "object_repr": "WishListItem object (28)", "action_flag": 3, "change_message": ""}}, {"model": "admin.logentry", "pk": 179, "fields": {"action_time": "2023-10-30T06:03:10.751Z", "user": 1, "content_type": 11, "object_id": "29", "object_repr": "WishListItem object (29)", "action_flag": 3, "change_message": ""}}, {"model": "admin.logentry", "pk": 180, "fields": {"action_time": "2023-10-30T06:04:37.964Z", "user": 1, "content_type": 11, "object_id": "30", "object_repr": "WishListItem object (30)", "action_flag": 3, "change_message": ""}}, {"model": "admin.logentry", "pk": 181, "fields": {"action_time": "2023-11-01T05:36:02.766Z", "user": 1, "content_type": 11, "object_id": "39", "object_repr": "WishListItem object (39)", "action_flag": 3, "change_message": ""}}, {"model": "admin.logentry", "pk": 182, "fields": {"action_time": "2023-11-01T05:36:02.776Z", "user": 1, "content_type": 11, "object_id": "38", "object_repr": "WishListItem object (38)", "action_flag": 3, "change_message": ""}}, {"model": "admin.logentry", "pk": 183, "fields": {"action_time": "2023-11-01T05:36:02.781Z", "user": 1, "content_type": 11, "object_id": "37", "object_repr": "WishListItem object (37)", "action_flag": 3, "change_message": ""}}, {"model": "admin.logentry", "pk": 184, "fields": {"action_time": "2023-11-01T05:36:02.785Z", "user": 1, "content_type": 11, "object_id": "36", "object_repr": "WishListItem object (36)", "action_flag": 3, "change_message": ""}}, {"model": "admin.logentry", "pk": 185, "fields": {"action_time": "2023-11-01T05:36:02.789Z", "user": 1, "content_type": 11, "object_id": "35", "object_repr": "WishListItem object (35)", "action_flag": 3, "change_message": ""}}, {"model": "admin.logentry", "pk": 186, "fields": {"action_time": "2023-11-01T05:36:02.793Z", "user": 1, "content_type": 11, "object_id": "34", "object_repr": "WishListItem object (34)", "action_flag": 3, "change_message": ""}}, {"model": "admin.logentry", "pk": 187, "fields": {"action_time": "2023-11-01T05:36:02.797Z", "user": 1, "content_type": 11, "object_id": "33", "object_repr": "WishListItem object (33)", "action_flag": 3, "change_message": ""}}, {"model": "admin.logentry", "pk": 188, "fields": {"action_time": "2023-11-01T05:36:02.802Z", "user": 1, "content_type": 11, "object_id": "32", "object_repr": "WishListItem object (32)", "action_flag": 3, "change_message": ""}}, {"model": "admin.logentry", "pk": 189, "fields": {"action_time": "2023-11-01T05:36:02.807Z", "user": 1, "content_type": 11, "object_id": "31", "object_repr": "WishListItem object (31)", "action_flag": 3, "change_message": ""}}, {"model": "admin.logentry", "pk": 190, "fields": {"action_time": "2023-11-01T14:03:57.704Z", "user": 1, "content_type": 8, "object_id": "6", "object_repr": "Smart watches", "action_flag": 1, "change_message": "[{\"added\": {}}]"}}, {"model": "admin.logentry", "pk": 191, "fields": {"action_time": "2023-11-01T14:04:26.228Z", "user": 1, "content_type": 8, "object_id": "7", "object_repr": "╤hargers", "action_flag": 1, "change_message": "[{\"added\": {}}]"}}, {"model": "admin.logentry", "pk": 192, "fields": {"action_time": "2023-11-01T15:58:12.351Z", "user": 1, "content_type": 9, "object_id": "13", "object_repr": "Apple Airpods 2", "action_flag": 1, "change_message": "[{\"added\": {}}]"}}, {"model": "admin.logentry", "pk": 193, "fields": {"action_time": "2023-11-01T15:59:56.163Z", "user": 1, "content_type": 9, "object_id": "14", "object_repr": "Apple Airpods 3", "action_flag": 1, "change_message": "[{\"added\": {}}]"}}, {"model": "admin.logentry", "pk": 194, "fields": {"action_time": "2023-11-01T16:00:34.563Z", "user": 1, "content_type": 9, "object_id": "15", "object_repr": "Apple Airpods Pro", "action_flag": 1, "change_message": "[{\"added\": {}}]"}}, {"model": "admin.logentry", "pk": 195, "fields": {"action_time": "2023-11-01T16:01:29.682Z", "user": 1, "content_type": 9, "object_id": "16", "object_repr": "Apple Airpods Max", "action_flag": 1, "change_message": "[{\"added\": {}}]"}}, {"model": "admin.logentry", "pk": 196, "fields": {"action_time": "2023-11-01T16:02:51.174Z", "user": 1, "content_type": 9, "object_id": "17", "object_repr": "Samsung Galaxy Buds Live", "action_flag": 1, "change_message": "[{\"added\": {}}]"}}, {"model": "admin.logentry", "pk": 197, "fields": {"action_time": "2023-11-01T16:03:49.818Z", "user": 1, "content_type": 9, "object_id": "18", "object_repr": "Nothing Ears 2", "action_flag": 1, "change_message": "[{\"added\": {}}]"}}, {"model": "admin.logentry", "pk": 198, "fields": {"action_time": "2023-11-02T05:30:53.476Z", "user": 1, "content_type": 9, "object_id": "19", "object_repr": "Apple Wacth Series 7", "action_flag": 1, "change_message": "[{\"added\": {}}]"}}, {"model": "admin.logentry", "pk": 199, "fields": {"action_time": "2023-11-02T05:32:40.414Z", "user": 1, "content_type": 9, "object_id": "20", "object_repr": "Apple Watch SE", "action_flag": 1, "change_message": "[{\"added\": {}}]"}}, {"model": "admin.logentry", "pk": 200, "fields": {"action_time": "2023-11-02T05:34:07.579Z", "user": 1, "content_type": 9, "object_id": "21", "object_repr": "Apple Watch Ultra (Silicone)", "action_flag": 1, "change_message": "[{\"added\": {}}]"}}, {"model": "admin.logentry", "pk": 201, "fields": {"action_time": "2023-11-02T05:34:41.142Z", "user": 1, "content_type": 9, "object_id": "22", "object_repr": "Apple Watch Ultra (Cloth)", "action_flag": 1, "change_message": "[{\"added\": {}}]"}}, {"model": "admin.logentry", "pk": 202, "fields": {"action_time": "2023-11-02T05:35:55.631Z", "user": 1, "content_type": 9, "object_id": "23", "object_repr": "Samsung Galaxy Watch", "action_flag": 1, "change_message": "[{\"added\": {}}]"}}, {"model": "admin.logentry", "pk": 203, "fields": {"action_time": "2023-11-02T05:39:28.306Z", "user": 1, "content_type": 9, "object_id": "24", "object_repr": "Apple Lightning- Type C charger", "action_flag": 1, "change_message": "[{\"added\": {}}]"}}, {"model": "admin.logentry", "pk": 204, "fields": {"action_time": "2023-11-02T05:40:23.551Z", "user": 1, "content_type": 9, "object_id": "25", "object_repr": "Apple MagSafe", "action_flag": 1, "change_message": "[{\"added\": {}}]"}}, {"model": "admin.logentry", "pk": 205, "fields": {"action_time": "2023-11-02T05:41:32.468Z", "user": 1, "content_type": 9, "object_id": "26", "object_repr": "Apple 2x Lightning -Type C", "action_flag": 1, "change_message": "[{\"added\": {}}]"}}, {"model": "admin.logentry", "pk": 206, "fields": {"action_time": "2023-11-02T05:42:34.219Z", "user": 1, "content_type": 9, "object_id": "27", "object_repr": "HOCO 3 in 1 charger", "action_flag": 1, "change_message": "[{\"added\": {}}]"}}, {"model": "admin.logentry", "pk": 207, "fields": {"action_time": "2023-11-02T14:46:44.365Z", "user": 1, "content_type": 9, "object_id": "27", "object_repr": "HOCO 3 in 1 charger", "action_flag": 2, "change_message": "[]"}}, {"model": "admin.logentry", "pk": 208, "fields": {"action_time": "2023-11-02T14:47:28.474Z", "user": 1, "content_type": 8, "object_id": "7", "object_repr": "╤hargers", "action_flag": 2, "change_message": "[]"}}, {"model": "admin.logentry", "pk": 209, "fields": {"action_time": "2023-11-02T20:41:00.007Z", "user": 1, "content_type": 9, "object_id": "21", "object_repr": "Apple Watch Ultra (Silicone)", "action_flag": 2, "change_message": "[{\"changed\": {\"fields\": [\"Image\"]}}]"}}, {"model": "admin.logentry", "pk": 210, "fields": {"action_time": "2023-11-02T20:42:34.776Z", "user": 1, "content_type": 9, "object_id": "21", "object_repr": "Apple Watch Ultra (Silicone)", "action_flag": 2, "change_message": "[{\"changed\": {\"fields\": [\"Image\"]}}]"}}, {"model": "admin.logentry", "pk": 211, "fields": {"action_time": "2023-11-02T20:43:31.781Z", "user": 1, "content_type": 9, "object_id": "21", "object_repr": "Apple Watch Ultra (Silicone)", "action_flag": 3, "change_message": ""}}, {"model": "admin.logentry", "pk": 212, "fields": {"action_time": "2023-11-02T21:02:46.682Z", "user": 1, "content_type": 9, "object_id": "24", "object_repr": "Apple Lightning- Type C cord", "action_flag": 2, "change_message": "[{\"changed\": {\"fields\": [\"Name\", \"Image\", \"Price\"]}}]"}}, {"model": "admin.logentry", "pk": 213, "fields": {"action_time": "2023-11-02T21:03:09.303Z", "user": 1, "content_type": 9, "object_id": "24", "object_repr": "Apple", "action_flag": 2, "change_message": "[{\"changed\": {\"fields\": [\"Name\"]}}]"}}, {"model": "admin.logentry", "pk": 214, "fields": {"action_time": "2023-11-02T21:03:29.764Z", "user": 1, "content_type": 9, "object_id": "24", "object_repr": "Apple Lightning- Type C", "action_flag": 2, "change_message": "[{\"changed\": {\"fields\": [\"Name\"]}}]"}}, {"model": "admin.logentry", "pk": 215, "fields": {"action_time": "2023-11-02T21:04:04.409Z", "user": 1, "content_type": 9, "object_id": "24", "object_repr": "Apple Lightning- Type C", "action_flag": 2, "change_message": "[{\"changed\": {\"fields\": [\"Image\"]}}]"}}, {"model": "admin.logentry", "pk": 216, "fields": {"action_time": "2023-11-02T21:05:31.831Z", "user": 1, "content_type": 9, "object_id": "28", "object_repr": "Apple Wacth Ultra (Silic)", "action_flag": 1, "change_message": "[{\"added\": {}}]"}}, {"model": "admin.logentry", "pk": 217, "fields": {"action_time": "2023-11-02T21:06:17.580Z", "user": 1, "content_type": 9, "object_id": "24", "object_repr": "Apple Lightning- Type C", "action_flag": 2, "change_message": "[{\"changed\": {\"fields\": [\"Price\"]}}]"}}, {"model": "admin.logentry", "pk": 218, "fields": {"action_time": "2023-11-02T21:10:30.323Z", "user": 1, "content_type": 9, "object_id": "17", "object_repr": "Samsung Galaxy Buds Live", "action_flag": 2, "change_message": "[]"}}, {"model": "admin.logentry", "pk": 219, "fields": {"action_time": "2023-11-02T21:14:13.360Z", "user": 1, "content_type": 9, "object_id": "24", "object_repr": "Apple Lightning- Type C", "action_flag": 2, "change_message": "[]"}}, {"model": "admin.logentry", "pk": 220, "fields": {"action_time": "2023-11-02T21:15:04.124Z", "user": 1, "content_type": 8, "object_id": "7", "object_repr": "chargers", "action_flag": 2, "change_message": "[{\"changed\": {\"fields\": [\"Name\"]}}]"}}, {"model": "admin.logentry", "pk": 221, "fields": {"action_time": "2023-11-09T22:20:03.683Z", "user": 1, "content_type": 12, "object_id": "5", "object_repr": "Order object (5)", "action_flag": 3, "change_message": ""}}, {"model": "admin.logentry", "pk": 222, "fields": {"action_time": "2023-11-09T22:20:03.707Z", "user": 1, "content_type": 12, "object_id": "4", "object_repr": "Order object (4)", "action_flag": 3, "change_message": ""}}, {"model": "admin.logentry", "pk": 223, "fields": {"action_time": "2023-11-09T22:20:03.711Z", "user": 1, "content_type": 12, "object_id": "3", "object_repr": "Order object (3)", "action_flag": 3, "change_message": ""}}, {"model": "admin.logentry", "pk": 224, "fields": {"action_time": "2023-11-09T22:20:03.715Z", "user": 1, "content_type": 12, "object_id": "2", "object_repr": "Order object (2)", "action_flag": 3, "change_message": ""}}, {"model": "admin.logentry", "pk": 225, "fields": {"action_time": "2023-11-09T22:20:03.720Z", "user": 1, "content_type": 12, "object_id": "1", "object_repr": "Order object (1)", "action_flag": 3, "change_message": ""}}, {"model": "admin.logentry", "pk": 226, "fields": {"action_time": "2023-11-10T09:00:24.952Z", "user": 1, "content_type": 12, "object_id": "8", "object_repr": "Order object (8)", "action_flag": 3, "change_message": ""}}, {"model": "admin.logentry", "pk": 227, "fields": {"action_time": "2023-11-10T09:00:24.978Z", "user": 1, "content_type": 12, "object_id": "7", "object_repr": "Order object (7)", "action_flag": 3, "change_message": ""}}, {"model": "admin.logentry", "pk": 228, "fields": {"action_time": "2023-11-10T09:00:24.982Z", "user": 1, "content_type": 12, "object_id": "6", "object_repr": "Order object (6)", "action_flag": 3, "change_message": ""}}, {"model": "admin.logentry", "pk": 229, "fields": {"action_time": "2023-11-10T09:32:49.113Z", "user": 1, "content_type": 12, "object_id": "11", "object_repr": "Order object (11)", "action_flag": 3, "change_message": ""}}, {"model": "admin.logentry", "pk": 230, "fields": {"action_time": "2023-11-10T09:32:49.117Z", "user": 1, "content_type": 12, "object_id": "10", "object_repr": "Order object (10)", "action_flag": 3, "change_message": ""}}, {"model": "admin.logentry", "pk": 231, "fields": {"action_time": "2023-11-10T09:32:49.120Z", "user": 1, "content_type": 12, "object_id": "9", "object_repr": "Order object (9)", "action_flag": 3, "change_message": ""}}, {"model": "admin.logentry", "pk": 232, "fields": {"action_time": "2023-11-10T10:15:10.372Z", "user": 1, "content_type": 12, "object_id": "12", "object_repr": "Order object (12)", "action_flag": 3, "change_message": ""}}, {"model": "admin.logentry", "pk": 233, "fields": {"action_time": "2023-11-10T12:47:58.623Z", "user": 1, "content_type": 6, "object_id": "38", "object_repr": "mewyz", "action_flag": 2, "change_message": "[{\"changed\": {\"fields\": [\"Password\", \"Password_2\"]}}]"}}, {"model": "auth.permission", "pk": 1, "fields": {"name": "Can add log entry", "content_type": 1, "codename": "add_logentry"}}, {"model": "auth.permission", "pk": 2, "fields": {"name": "Can change log entry", "content_type": 1, "codename": "change_logentry"}}, {"model": "auth.permission", "pk": 3, "fields": {"name": "Can delete log entry", "content_type": 1, "codename": "delete_logentry"}}, {"model": "auth.permission", "pk": 4, "fields": {"name": "Can view log entry", "content_type": 1, "codename": "view_logentry"}}, {"model": "auth.permission", "pk": 5, "fields": {"name": "Can add permission", "content_type": 2, "codename": "add_permission"}}, {"model": "auth.permission", "pk": 6, "fields": {"name": "Can change permission", "content_type": 2, "codename": "change_permission"}}, {"model": "auth.permission", "pk": 7, "fields": {"name": "Can delete permission", "content_type": 2, "codename": "delete_permission"}}, {"model": "auth.permission", "pk": 8, "fields": {"name": "Can view permission", "content_type": 2, "codename": "view_permission"}}, {"model": "auth.permission", "pk": 9, "fields": {"name": "Can add group", "content_type": 3, "codename": "add_group"}}, {"model": "auth.permission", "pk": 10, "fields": {"name": "Can change group", "content_type": 3, "codename": "change_group"}}, {"model": "auth.permission", "pk": 11, "fields": {"name": "Can delete group", "content_type": 3, "codename": "delete_group"}}, {"model": "auth.permission", "pk": 12, "fields": {"name": "Can view group", "content_type": 3, "codename": "view_group"}}, {"model": "auth.permission", "pk": 13, "fields": {"name": "Can add content type", "content_type": 4, "codename": "add_contenttype"}}, {"model": "auth.permission", "pk": 14, "fields": {"name": "Can change content type", "content_type": 4, "codename": "change_contenttype"}}, {"model": "auth.permission", "pk": 15, "fields": {"name": "Can delete content type", "content_type": 4, "codename": "delete_contenttype"}}, {"model": "auth.permission", "pk": 16, "fields": {"name": "Can view content type", "content_type": 4, "codename": "view_contenttype"}}, {"model": "auth.permission", "pk": 17, "fields": {"name": "Can add session", "content_type": 5, "codename": "add_session"}}, {"model": "auth.permission", "pk": 18, "fields": {"name": "Can change session", "content_type": 5, "codename": "change_session"}}, {"model": "auth.permission", "pk": 19, "fields": {"name": "Can delete session", "content_type": 5, "codename": "delete_session"}}, {"model": "auth.permission", "pk": 20, "fields": {"name": "Can view session", "content_type": 5, "codename": "view_session"}}, {"model": "auth.permission", "pk": 21, "fields": {"name": "Can add user", "content_type": 6, "codename": "add_customuser"}}, {"model": "auth.permission", "pk": 22, "fields": {"name": "Can change user", "content_type": 6, "codename": "change_customuser"}}, {"model": "auth.permission", "pk": 23, "fields": {"name": "Can delete user", "content_type": 6, "codename": "delete_customuser"}}, {"model": "auth.permission", "pk": 24, "fields": {"name": "Can view user", "content_type": 6, "codename": "view_customuser"}}, {"model": "auth.permission", "pk": 25, "fields": {"name": "Can add profile", "content_type": 7, "codename": "add_profile"}}, {"model": "auth.permission", "pk": 26, "fields": {"name": "Can change profile", "content_type": 7, "codename": "change_profile"}}, {"model": "auth.permission", "pk": 27, "fields": {"name": "Can delete profile", "content_type": 7, "codename": "delete_profile"}}, {"model": "auth.permission", "pk": 28, "fields": {"name": "Can view profile", "content_type": 7, "codename": "view_profile"}}, {"model": "auth.permission", "pk": 29, "fields": {"name": "Can add categories", "content_type": 8, "codename": "add_categories"}}, {"model": "auth.permission", "pk": 30, "fields": {"name": "Can change categories", "content_type": 8, "codename": "change_categories"}}, {"model": "auth.permission", "pk": 31, "fields": {"name": "Can delete categories", "content_type": 8, "codename": "delete_categories"}}, {"model": "auth.permission", "pk": 32, "fields": {"name": "Can view categories", "content_type": 8, "codename": "view_categories"}}, {"model": "auth.permission", "pk": 33, "fields": {"name": "Can add product", "content_type": 9, "codename": "add_product"}}, {"model": "auth.permission", "pk": 34, "fields": {"name": "Can change product", "content_type": 9, "codename": "change_product"}}, {"model": "auth.permission", "pk": 35, "fields": {"name": "Can delete product", "content_type": 9, "codename": "delete_product"}}, {"model": "auth.permission", "pk": 36, "fields": {"name": "Can view product", "content_type": 9, "codename": "view_product"}}, {"model": "auth.permission", "pk": 37, "fields": {"name": "Can add cart item", "content_type": 10, "codename": "add_cartitem"}}, {"model": "auth.permission", "pk": 38, "fields": {"name": "Can change cart item", "content_type": 10, "codename": "change_cartitem"}}, {"model": "auth.permission", "pk": 39, "fields": {"name": "Can delete cart item", "content_type": 10, "codename": "delete_cartitem"}}, {"model": "auth.permission", "pk": 40, "fields": {"name": "Can view cart item", "content_type": 10, "codename": "view_cartitem"}}, {"model": "auth.permission", "pk": 41, "fields": {"name": "Can add wish list item", "content_type": 11, "codename": "add_wishlistitem"}}, {"model": "auth.permission", "pk": 42, "fields": {"name": "Can change wish list item", "content_type": 11, "codename": "change_wishlistitem"}}, {"model": "auth.permission", "pk": 43, "fields": {"name": "Can delete wish list item", "content_type": 11, "codename": "delete_wishlistitem"}}, {"model": "auth.permission", "pk": 44, "fields": {"name": "Can view wish list item", "content_type": 11, "codename": "view_wishlistitem"}}, {"model": "auth.permission", "pk": 45, "fields": {"name": "Can add order", "content_type": 12, "codename": "add_order"}}, {"model": "auth.permission", "pk": 46, "fields": {"name": "Can change order", "content_type": 12, "codename": "change_order"}}, {"model": "auth.permission", "pk": 47, "fields": {"name": "Can delete order", "content_type": 12, "codename": "delete_order"}}, {"model": "auth.permission", "pk": 48, "fields": {"name": "Can view order", "content_type": 12, "codename": "view_order"}}, {"model": "contenttypes.contenttype", "pk": 1, "fields": {"app_label": "admin", "model": "logentry"}}, {"model": "contenttypes.contenttype", "pk": 2, "fields": {"app_label": "auth", "model": "permission"}}, {"model": "contenttypes.contenttype", "pk": 3, "fields": {"app_label": "auth", "model": "group"}}, {"model": "contenttypes.contenttype", "pk": 4, "fields": {"app_label": "contenttypes", "model": "contenttype"}}, {"model": "contenttypes.contenttype", "pk": 5, "fields": {"app_label": "sessions", "model": "session"}}, {"model": "contenttypes.contenttype", "pk": 6, "fields": {"app_label": "core", "model": "customuser"}}, {"model": "contenttypes.contenttype", "pk": 7, "fields": {"app_label": "core", "model": "profile"}}, {"model": "contenttypes.contenttype", "pk": 8, "fields": {"app_label": "core", "model": "categories"}}, {"model": "contenttypes.contenttype", "pk": 9, "fields": {"app_label": "core", "model": "product"}}, {"model": "contenttypes.contenttype", "pk": 10, "fields": {"app_label": "core", "model": "cartitem"}}, {"model": "contenttypes.contenttype", "pk": 11, "fields": {"app_label": "core", "model": "wishlistitem"}}, {"model": "contenttypes.contenttype", "pk": 12, "fields": {"app_label": "core", "model": "order"}}, {"model": "sessions.session", "pk": "0f38uo7e4uu9gmahzob4ap2f5kjn06yn", "fields": {"session_data": ".eJxVi0sKwzAMBe_idQmO5F-7LPQcRpYsHPqDuFmV3j0EskiX8-bN12RaPi0vvc55EnMxbjSn41iI7_W1GX7PddixD7cnTY_rLv-KRr1t9wgueCxoGYRqZBRLgRCsFi5ezmSpgAeNMaADFfWc0CcYNaRgq_mtb1oyUA:1r1QwR:Sa7w6jUfxugQz_boghofltil9aUK7PBUDpS7Jla_b5w", "expire_date": "2023-11-24T12:48:55.717Z"}}, {"model": "sessions.session", "pk": "27q5cl8y0v59uyuuxii33s1f7x0z18fq", "fields": {"session_data": ".eJxVjE0OgyAYBe_CuiEiKNBl956B8P1QbBtIRFdN715NXLTbNzPvLULc1hy2xkuYSVyFEpffDSI-uRyAHrHcq8Ra1mUGeSjypE1Olfh1O92_gxxb3mvL1hPAoJQ3Ro8G2UHSyfEI4J3t-h3igMYqsBp1F8kkZZj6hF4zJfH5AvLNOMw:1qt4u9:IHSuhp4EFOW7d6joCbQ3hOk_eB4e2zP5BSkPdhhl834", "expire_date": "2023-11-01T11:40:01.402Z"}}, {"model": "sessions.session", "pk": "ah0qja2hglqqpmghfw6b92rqqcaslpb5", "fields": {"session_data": ".eJxVjE0OgyAYBe_CuiEiKNBl956B8P1QbBtIRFdN715NXLTbNzPvLULc1hy2xkuYSVyFEpffDSI-uRyAHrHcq8Ra1mUGeSjypE1Olfh1O92_gxxb3mvL1hPAoJQ3Ro8G2UHSyfEI4J3t-h3igMYqsBp1F8kkZZj6hF4zJfH5AvLNOMw:1qreBp:GNsIYFSxaNhW4boe3ubsiLEiJRXyY4tkgISM8y7YBDs", "expire_date": "2023-10-28T12:56:21.844Z"}}, {"model": "sessions.session", "pk": "aruw3fglyu3jps1jxw4qev0erby687l4", "fields": {"session_data": ".eJxVjE0OgyAYBe_CuiEiKNBl956B8P1QbBtIRFdN715NXLTbNzPvLULc1hy2xkuYSVyFEpffDSI-uRyAHrHcq8Ra1mUGeSjypE1Olfh1O92_gxxb3mvL1hPAoJQ3Ro8G2UHSyfEI4J3t-h3igMYqsBp1F8kkZZj6hF4zJfH5AvLNOMw:1qwk75:O5jkeOMXnQg--RVMjcJ3ms6lFL8FQFxzUA0ylNHTktY", "expire_date": "2023-11-11T14:16:31.303Z"}}, {"model": "sessions.session", "pk": "gu695x2rue9atnb632upsl30artj6y9s", "fields": {"session_data": "e30:1qtMtK:5bQjvqmBEh_cnKKRRIxBP8feiw3Rcyv-n4pSpQVvS18", "expire_date": "2023-11-02T06:52:22.311Z"}}, {"model": "sessions.session", "pk": "koghzmjxq31lt6yxxj10lnedq010xz2q", "fields": {"session_data": ".eJxVi0sOwjAMBe_iNari5kPMEolzRMaxlYqf1LQrxN0BqQtYzps3Tyi8Lq2sXecyVTiAR9j9jmeWi96_Rh6zDhv24XTj6Xrc5F_RuLfPnWo1iWKjxuqyc1wFDSMFl0by3iwK-SBInBNnCpqSRkRlybxPjPB6A3cUMms:1qu3d7:OjTlBFMlCbDuopot1ld60LRfFq8Xlrs4LLx_DuAML9M", "expire_date": "2023-11-04T04:30:29.855Z"}}, {"model": "core.customuser", "pk": 1, "fields": {"last_login": "2023-10-28T14:16:31.296Z", "is_superuser": true, "first_name": "", "last_name": "", "is_staff": true, "is_active": true, "date_joined": "2023-10-14T12:56:04.813Z", "email": "rs.t.95@mail.ru", "username": "admin", "password": "pbkdf2_sha256$600000$Jej4DTXhMjieq0d8V37hlv$Z21ATv39o/0sfRHEbwiz9C1nlnDAjD1DvvrOk1ettgQ=", "password_2": "", "groups": [], "user_permissions": []}}, {"model": "core.customuser", "pk": 11, "fields": {"last_login": "2023-10-21T21:38:50.687Z", "is_superuser": false, "first_name": "", "last_name": "", "is_staff": false, "is_active": true, "date_joined": "2023-10-14T22:22:10.018Z", "email": "rasul_turtulov@mail.ru", "username": "Rasul", "password": "pbkdf2_sha256$600000$FMBtKP60ZDb9XsNMGjqNSJ$T5hSnWJr7gYLBBIoWFAb0cI+vjDu5urSLd8El1ZhFME=", "password_2": "pbkdf2_sha256$600000$shesFFiKRXT3QGLAJSMj1x$Rz0xRBR93WDv0pKxshuUDjd4OgDSlX3kvl0Hr4fEslg=", "groups": [], "user_permissions": []}}, {"model": "core.customuser", "pk": 28, "fields": {"last_login": "2023-10-19T07:02:35.858Z", "is_superuser": false, "first_name": "", "last_name": "", "is_staff": false, "is_active": true, "date_joined": "2023-10-19T07:02:35.616Z", "email": "rgre@gmail.com", "username": "Amir", "password": "pbkdf2_sha256$600000$xGvZXdapZV5dlPimZ7M3xS$ZxZDoeA/OHHBaTW/YtBtGNpKeKx3dqsrgGpZhHAMT8Q=", "password_2": "pbkdf2_sha256$600000$FcVtQlIELGlwGkOvkJaQpf$w/0AmfO/DmjpRFuVZg8/MaOasU4Z2zoQCqLn37PlW1Q=", "groups": [], "user_permissions": []}}, {"model": "core.customuser", "pk": 29, "fields": {"last_login": "2023-10-19T07:03:06.730Z", "is_superuser": false, "first_name": "", "last_name": "", "is_staff": false, "is_active": true, "date_joined": "2023-10-19T07:03:06.492Z", "email": "rryryy@mail.ru", "username": "adil", "password": "pbkdf2_sha256$600000$uPLGRtHoatXUkrB6WnkKLl$h/GLkN9Oiihd2hyDuRF41gbOWSfFi98Tr2bimYYpM4U=", "password_2": "pbkdf2_sha256$600000$xtQsxD1nX9F6AJe1lOXuID$uv7NYKRllV+DeSty10JBPJtuN4XjheF3hcyFv0dPr6o=", "groups": [], "user_permissions": []}}, {"model": "core.customuser", "pk": 30, "fields": {"last_login": "2023-10-19T08:40:55.858Z", "is_superuser": false, "first_name": "", "last_name": "", "is_staff": false, "is_active": true, "date_joined": "2023-10-19T08:40:55.386Z", "email": "alsu_turtulova@mail.ru", "username": "Alsu", "password": "pbkdf2_sha256$600000$Wt6T0awkQXNWJIU9ybAFhl$thTbGDUakD3jF/aYTAdjcck7cnX/C8er3AsOnC/YD4g=", "password_2": "pbkdf2_sha256$600000$CmMrEFla7FBop2MZ9sOxeY$iToxVFhL13PiJQ9eZwyNeNQ0Jf+DXGpwLBrSwfu1eG8=", "groups": [], "user_permissions": []}}, {"model": "core.customuser", "pk": 31, "fields": {"last_login": "2023-10-21T04:30:29.848Z", "is_superuser": false, "first_name": "", "last_name": "", "is_staff": false, "is_active": true, "date_joined": "2023-10-21T04:30:29.452Z", "email": "amir123@mail.ru", "username": "Amir123", "password": "pbkdf2_sha256$600000$Hfwv0KR8kboFWL1Ic4wveB$+C1n6WVwWnBdOYnHB1GLteG7jq6byEBLMA86p/L/fcw=", "password_2": "pbkdf2_sha256$600000$h1QjIqV6Dh2zoufJSLEoGO$tj+lKgxgnGuY8fR08cms2EM+O06wxzK0+b4v4rLChWU=", "groups": [], "user_permissions": []}}, {"model": "core.customuser", "pk": 32, "fields": {"last_login": "2023-10-26T06:32:49.549Z", "is_superuser": false, "first_name": "", "last_name": "", "is_staff": false, "is_active": true, "date_joined": "2023-10-26T06:32:49.065Z", "email": "fieojeigeniio@mail.ru", "username": "kofkokok", "password": "pbkdf2_sha256$600000$xunR9xIDElGZh2ac0yJyL7$szbEOeQNikIZ9Zb4BA1gb615ipoSzUBkvmsqoJjWWtE=", "password_2": "pbkdf2_sha256$600000$gjBUBip7wBbn9XPt7CubfN$lY7FoEw5vlwQBL46fjycfTQufGB/BxJys38PitBi1bU=", "groups": [], "user_permissions": []}}, {"model": "core.customuser", "pk": 33, "fields": {"last_login": "2023-10-26T06:33:58.101Z", "is_superuser": false, "first_name": "", "last_name": "", "is_staff": false, "is_active": true, "date_joined": "2023-10-26T06:33:57.715Z", "email": "tyfuba@mailinator.com", "username": "dyzaxyxaf", "password": "pbkdf2_sha256$600000$7pJVr0irlSb7I9TspUcWWO$zz9fCoPxYJKnpT+DZaj4GN54riXMaw7NgD8nOWymyE0=", "password_2": "pbkdf2_sha256$600000$XA0C4FGnI71UsrkjJ3IegT$v13CV0t+3kE0jm5uNlWR4m1cu8amQp9f2bRqN8LssgQ=", "groups": [], "user_permissions": []}}, {"model": "core.customuser", "pk": 34, "fields": {"last_login": "2023-11-01T04:47:34.252Z", "is_superuser": false, "first_name": "", "last_name": "", "is_staff": false, "is_active": true, "date_joined": "2023-11-01T04:47:33.842Z", "email": "nitonyme@mailinator.com", "username": "cadosil", "password": "pbkdf2_sha256$600000$eXvqYyJAJKxldzernwIV00$DiTwV0dIskSG7tifG8FbTRpLmKjomf0T07XjgaS/dYA=", "password_2": "pbkdf2_sha256$600000$6gffWXHGMdfU6VD1hT6Y7b$pzyeIyGeAiwd0mXuHSlit8OhU9qD46Ted1Gxl9//S98=", "groups": [], "user_permissions": []}}, {"model": "core.customuser", "pk": 35, "fields": {"last_login": "2023-11-01T04:57:37.034Z", "is_superuser": false, "first_name": "", "last_name": "", "is_staff": false, "is_active": true, "date_joined": "2023-11-01T04:57:36.641Z", "email": "vely@mailinator.com", "username": "gyfedywyhy", "password": "pbkdf2_sha256$600000$f3kH5DbaAxIu1KYnILYflo$ZSumUfLseyHhW3Ga3UiTkrx77woSI9ETVD4lo9tABeI=", "password_2": "pbkdf2_sha256$600000$g5TRX0kv8dk57VlWTipsox$ypK9lf5IYBYpF6Azr1qtn7lWlM1V/oMd/H5hDgFAPjM=", "groups": [], "user_permissions": []}}, {"model": "core.customuser", "pk": 36, "fields": {"last_login": "2023-11-01T14:19:42.830Z", "is_superuser": false, "first_name": "", "last_name": "", "is_staff": false, "is_active": true, "date_joined": "2023-11-01T14:19:42.427Z", "email": "mesilagud@mailinator.com", "username": "gecizeli", "password": "pbkdf2_sha256$600000$s6CEfD54TxR8p7nLB2NyZp$q8b3ijLTw1iGJRGKIXHQchG8iUj7WvdP5PyBRFGr/sU=", "password_2": "pbkdf2_sha256$600000$LtUluTWlzrzgp2WqXQaTj5$K9B3Ob1nM9pOwIRHR1L+vFtllnssi7CUMAuXs69j1b8=", "groups": [], "user_permissions": []}}, {"model": "core.customuser", "pk": 37, "fields": {"last_login": "2023-11-02T06:30:45.962Z", "is_superuser": false, "first_name": "", "last_name": "", "is_staff": false, "is_active": true, "date_joined": "2023-11-02T06:30:45.238Z", "email": "hypa@mailinator.com", "username": "bypily", "password": "pbkdf2_sha256$600000$2cGYxBEOiatEm4sJd6RXfI$RJAfb+2mEke8Ox2tTgTRuvFwhKcKipSPrEcFeaZyuwA=", "password_2": "pbkdf2_sha256$600000$qWvpwFWyt3MeWLayWoFx40$EtM2F82SSXCIFn/s7sP94Bqtjz+O0mPZHiXfOaBSFlc=", "groups": [], "user_permissions": []}}, {"model": "core.customuser", "pk": 38, "fields": {"last_login": "2023-11-02T06:33:57Z", "is_superuser": false, "first_name": "Gra1id12132en", "last_name": "Valentine", "is_staff": false, "is_active": true, "date_joined": "2023-11-02T06:33:56Z", "email": "pivatazip@mailinator.com", "username": "mewyz", "password": "123", "password_2": "123", "groups": [], "user_permissions": []}}, {"model": "core.customuser", "pk": 39, "fields": {"last_login": "2023-11-10T11:26:13.161Z", "is_superuser": false, "first_name": "Kyra", "last_name": "Diaz", "is_staff": false, "is_active": true, "date_joined": "2023-11-10T11:26:12.225Z", "email": "bivod@mailinator.com", "username": "xitopamo", "password": "pbkdf2_sha256$600000$HkUMfQy4wd5AYpE9aiyW54$apaMBPa71JxbGAfRuwThH3AUUzC8Z18WJcVJWU2Vx+k=", "password_2": "pbkdf2_sha256$600000$ZjKsFslk9G4O7B4SoEUA69$wHPpqLTxkPFOxbnZPD2I4uCYcA0+ooju7YndukwaFm4=", "groups": [], "user_permissions": []}}, {"model": "core.customuser", "pk": 40, "fields": {"last_login": "2023-11-10T11:31:52.785Z", "is_superuser": false, "first_name": "", "last_name": "", "is_staff": false, "is_active": true, "date_joined": "2023-11-10T11:31:52.409Z", "email": "kely@mailinator.com", "username": "lubypywome", "password": "pbkdf2_sha256$600000$4CXjInlqptB0uvOaAWJ5gF$HriReE9Je8c+ulbUs99RparAdvq5a8HhKAzeBUz+JSs=", "password_2": "pbkdf2_sha256$600000$46wo6lQQRaiIY6avnRRb0e$Mh4bMF/PeW3iedy7f77xS/91hBfcSBY1hNgwIb0E/CY=", "groups": [], "user_permissions": []}}, {"model": "core.customuser", "pk": 41, "fields": {"last_login": "2023-11-10T12:48:55.711Z", "is_superuser": false, "first_name": "", "last_name": "", "is_staff": false, "is_active": true, "date_joined": "2023-11-10T12:48:55.082Z", "email": "dubi@mailinator.com", "username": "bihokevex", "password": "pbkdf2_sha256$600000$KXmvLFIEbAvUUqRp1uqHgy$yK3J4D8waDYOJe1l5w9/ibpzKTRHzAeGbXlT5LcaEmA=", "password_2": "pbkdf2_sha256$600000$QtX6edIqSA9jYNpVvHFyjs$SpGsgVCzz6oobORuB+FN4pGFrddbn5HvVASn+cimifs=", "groups": [], "user_permissions": []}}, {"model": "core.profile", "pk": 1, "fields": {"user": 11, "first_name": "Rasul", "last_name": "Turtulov", "address": "єышЎр ╩Ёштхэъю, ╧ртыюфрЁёъшщ Ёрщюэ", "city": "Pavlodar", "country": "Kazakhstan", "zip_code": "140000", "telephone": "8 (700) 294 0098"}}, {"model": "core.profile", "pk": 16, "fields": {"user": 28, "first_name": "", "last_name": "", "address": "", "city": "", "country": "", "zip_code": "", "telephone": ""}}, {"model": "core.profile", "pk": 17, "fields": {"user": 29, "first_name": "", "last_name": "", "address": "", "city": "", "country": "", "zip_code": "", "telephone": ""}}, {"model": "core.profile", "pk": 18, "fields": {"user": 30, "first_name": "", "last_name": "", "address": "", "city": "", "country": "", "zip_code": "", "telephone": ""}}, {"model": "core.profile", "pk": 19, "fields": {"user": 31, "first_name": "", "last_name": "", "address": "", "city": "", "country": "", "zip_code": "", "telephone": ""}}, {"model": "core.profile", "pk": 20, "fields": {"user": 32, "first_name": "", "last_name": "", "address": "", "city": "", "country": "", "zip_code": "", "telephone": ""}}, {"model": "core.profile", "pk": 21, "fields": {"user": 33, "first_name": "", "last_name": "", "address": "", "city": "", "country": "", "zip_code": "", "telephone": ""}}, {"model": "core.profile", "pk": 22, "fields": {"user": 34, "first_name": "", "last_name": "", "address": "", "city": "", "country": "", "zip_code": "", "telephone": ""}}, {"model": "core.profile", "pk": 23, "fields": {"user": 35, "first_name": "Rasul", "last_name": "Turtulov", "address": "єышЎр ╩Ёштхэъю, ╧ртыюфрЁёъшщ Ёрщюэ", "city": "Pavlodar", "country": "Kazakhstan", "zip_code": "140000", "telephone": "8 (700) 294 0098"}}, {"model": "core.profile", "pk": 24, "fields": {"user": 36, "first_name": "Bo", "last_name": "Mckenzie", "address": "Doloribus ducimus a", "city": "Vitae aliquam qui du", "country": "Aut elit excepturi ", "zip_code": "69064", "telephone": "+1 (591) 325-2641"}}, {"model": "core.profile", "pk": 25, "fields": {"user": 37, "first_name": "", "last_name": "", "address": "", "city": "", "country": "", "zip_code": "", "telephone": ""}}, {"model": "core.profile", "pk": 26, "fields": {"user": 38, "first_name": "Gra1id12132en", "last_name": "Valentine", "address": "Lorem asperiores ist", "city": "Pariatur Quod ea qu", "country": "Tempora voluptate mo", "zip_code": "-123", "telephone": "+1 (192) 339-4686"}}, {"model": "core.profile", "pk": 27, "fields": {"user": 39, "first_name": "Kyra", "last_name": "Diaz", "address": "Id ullamco in praese", "city": "Cum est cumque error", "country": "Laborum totam et rep", "zip_code": "75808", "telephone": "+1 (281) 324-8376"}}, {"model": "core.profile", "pk": 28, "fields": {"user": 40, "first_name": "", "last_name": "", "address": "", "city": "", "country": "", "zip_code": "", "telephone": ""}}, {"model": "core.profile", "pk": 29, "fields": {"user": 41, "first_name": "", "last_name": "", "address": "", "city": "", "country": "", "zip_code": "", "telephone": ""}}, {"model": "core.categories", "pk": 1, "fields": {"name": "Laptops", "parent": null}}, {"model": "core.categories", "pk": 2, "fields": {"name": "Smartphones", "parent": null}}, {"model": "core.categories", "pk": 3, "fields": {"name": "Cameras", "parent": null}}, {"model": "core.categories", "pk": 4, "fields": {"name": "Accessories", "parent": null}}, {"model": "core.categories", "pk": 5, "fields": {"name": "Headphones", "parent": 4}}, {"model": "core.categories", "pk": 6, "fields": {"name": "Smart watches", "parent": 4}}, {"model": "core.categories", "pk": 7, "fields": {"name": "chargers", "parent": 4}}, {"model": "core.product", "pk": 1, "fields": {"category": 1, "name": "MSI G63", "description": "\"Experience gaming like never before with our high-performance Gaming Laptop. Powered by a blazing-fast processor and cutting-edge graphics, it ensures smooth gameplay in the most demanding titles. With a sleek design and advanced cooling, it's your ultimate gaming companion. Elevate your gaming experience with our Gaming Laptop today.\"", "image": "product_images/product06.png", "price": "500.00", "quantity": 86}}, {"model": "core.product", "pk": 2, "fields": {"category": 1, "name": "Apple Mac Book Air 2018", "description": "\"The MacBook Air, a marvel of technology and design, is the ultimate combination of power and portability. Its sleek and ultra-light body conceals the incredible performance of the Apple M1 chip, delivering blazing-fast speed and extended battery life. With a Retina display, Magic Keyboard, and Touch ID, it's the perfect choice for both work and play, ensuring a smooth and secure computing experience. Elevate your lifestyle with the MacBook Air, where sophistication meets innovation.\"", "image": "product_images/product01.png", "price": "900.00", "quantity": 90}}, {"model": "core.product", "pk": 3, "fields": {"category": 1, "name": "ASUS X515EP-19", "description": "\"Elevate your productivity with our Office Laptop, designed to meet the demands of the modern workplace. With a powerful processor and ample RAM, it effortlessly handles multitasking, allowing you to breeze through tasks. The sleek design and comfortable keyboard make it an ideal choice for professionals on the go, ensuring that you can work efficiently and in style. Upgrade your work experience with our Office Laptop today.\"", "image": "product_images/product08.png", "price": "350.00", "quantity": 190}}, {"model": "core.product", "pk": 4, "fields": {"category": 1, "name": "ASUS ROG Flow X16", "description": "\"Unleash your gaming potential with our Gaming Laptop. Packed with cutting-edge hardware, including a high-performance processor and dedicated graphics, it delivers an immersive gaming experience. The sleek design and customizable RGB keyboard add a touch of style, while the advanced cooling system keeps the action running smoothly. Elevate your gaming to the next level with our Gaming Laptop and conquer virtual worlds with ease.\"", "image": "product_images/img_0_62_2749_0_1-removebg-preview.png", "price": "1000.00", "quantity": 968}}, {"model": "core.product", "pk": 5, "fields": {"category": 2, "name": "Apple Iphone 15 Pro", "description": "\"Introducing the iPhone 15 Pro, the pinnacle of smartphone innovation. With its advanced camera system, you can capture professional-grade photos and videos with ease. The powerful A16 Bionic chip ensures lightning-fast performance, and the stunning Super Retina XDR display offers vivid visuals. Experience unparalleled technology and style with the iPhone 15 Pro, redefining what a smartphone can do.\"", "image": "product_images/img_0_77_5135_0_1_76iX7f-removebg-preview.png", "price": "1500.00", "quantity": 964}}, {"model": "core.product", "pk": 6, "fields": {"category": 2, "name": "Apple Iphone 14", "description": "\"Introducing the iPhone 14 , the pinnacle of smartphone innovation. With its advanced camera system, you can capture professional-grade photos and videos with ease. The powerful A16 Bionic chip ensures lightning-fast performance, and the stunning Super Retina XDR display offers vivid visuals. Experience unparalleled technology and style with the iPhone 15 Pro, redefining what a smartphone can do.\"", "image": "product_images/img_0_77_4321_9_1-removebg-preview.png", "price": "1000.00", "quantity": 37}}, {"model": "core.product", "pk": 7, "fields": {"category": 2, "name": "Samsung S23 Ultra", "description": "\"Discover the perfect balance of performance and versatility with our Smartphone. This sleek and feature-packed device offers a brilliant display for all your content, whether it's work or play. Stay connected, capture memories, and enjoy endless apps with this all-in-one companion, designed to meet your everyday needs. Elevate your mobile experience with our Smartphone and stay connected in style.\"", "image": "product_images/samsung-galaxy-s23-ultra-5g-12-gb-512-gb-chernyi-podarok-108916047-1-remo_oQM1VG3.png", "price": "900.00", "quantity": 93}}, {"model": "core.product", "pk": 8, "fields": {"category": 2, "name": "POCO M4 Pro (Dangerous)", "description": "\"Discover the perfect balance of performance and versatility with our Smartphone. This sleek and feature-packed device offers a brilliant display for all your content, whether it's work or play. Stay connected, capture memories, and enjoy endless apps with this all-in-one companion, designed to meet your everyday needs. Elevate your mobile experience with our Smartphone and stay connected in style.\"", "image": "product_images/img_0_77_3370_6_1-removebg-preview.png", "price": "300.00", "quantity": 94}}, {"model": "core.product", "pk": 9, "fields": {"category": 3, "name": "SONY ZXC23", "description": "The camera is a versatile imaging device that captures photographs and records videos. It is commonly used for various purposes, including personal photography, professional photography, and video production. Cameras come in different types, such as digital cameras, DSLRs, mirrorless cameras, and smartphone cameras, each with its own set of features and capabilities. They have revolutionized the way we capture and preserve moments, making photography and videography accessible to people of all skill levels.", "image": "product_images/HDRCX405B.CEL-589-600x600-removebg-preview.png", "price": "500.00", "quantity": 43}}, {"model": "core.product", "pk": 10, "fields": {"category": 3, "name": "SONY R34", "description": "The camera is a versatile imaging device that captures photographs and records videos. It is commonly used for various purposes, including personal photography, professional photography, and video production. Cameras come in different types, such as digital cameras, DSLRs, mirrorless cameras, and smartphone cameras, each with its own set of features and capabilities. They have revolutionized the way we capture and preserve moments, making photography and videography accessible to people of all skill levels.", "image": "product_images/PXW-Z150-5863-600x600-removebg-preview.png", "price": "1200.00", "quantity": 0}}, {"model": "core.product", "pk": 11, "fields": {"category": 3, "name": "SONY CyberShot", "description": "The camera is a versatile imaging device that captures photographs and records videos. It is commonly used for various purposes, including personal photography, professional photography, and video production. Cameras come in different types, such as digital cameras, DSLRs, mirrorless cameras, and smartphone cameras, each with its own set of features and capabilities. They have revolutionized the way we capture and preserve moments, making photography and videography accessible to people of all skill levels.", "image": "product_images/sony_cyber_shot_dsc_rx100_va_dsc_rx100m5a__878073_1-600x600-removebg-preview.png", "price": "450.00", "quantity": 0}}, {"model": "core.product", "pk": 12, "fields": {"category": 3, "name": "BlackMagic PocketCinema", "description": "The camera is a versatile imaging device that captures photographs and records videos. It is commonly used for various purposes, including personal photography, professional photography, and video production. Cameras come in different types, such as digital cameras, DSLRs, mirrorless cameras, and smartphone cameras, each with its own set of features and capabilities. They have revolutionized the way we capture and preserve moments, making photography and videography accessible to people of all skill levels.", "image": "product_images/Blackmagic-Design-Pocket-Cinema-Camera-6K-Pro-600x600-removebg-preview.png", "price": "800.00", "quantity": 97}}, {"model": "core.product", "pk": 13, "fields": {"category": 5, "name": "Apple Airpods 2", "description": "AirPods 2 are the second generation of Apple's wireless earbuds. They feature a new H1 chip that provides faster pairing times and longer battery life. AirPods 2 also support hands-free Siri access and wireless charging.", "image": "product_images/airpods_2.png", "price": "120.00", "quantity": 98}}, {"model": "core.product", "pk": 14, "fields": {"category": 5, "name": "Apple Airpods 3", "description": "AirPods 3: Enjoy immersive sound with Spatial Audio, personalized listening experience with Adaptive EQ, and convenient wireless charging all day long.", "image": "product_images/airpods_3.png", "price": "150.00", "quantity": 100}}, {"model": "core.product", "pk": 15, "fields": {"category": 5, "name": "Apple Airpods Pro", "description": "AirPods Pro: Active noise cancellation, Adaptive EQ, spatial audio, and Transparency mode, for a truly immersive listening experience.", "image": "product_images/airpods_pro.png", "price": "180.00", "quantity": 10}}, {"model": "core.product", "pk": 16, "fields": {"category": 5, "name": "Apple Airpods Max", "description": "AirPods Max: Experience high-fidelity audio with Adaptive EQ, active noise cancellation, and spatial audio. Enjoy a comfortable fit and long battery life.", "image": "product_images/airpods_max.png", "price": "300.00", "quantity": 50}}, {"model": "core.product", "pk": 17, "fields": {"category": 5, "name": "Samsung Galaxy Buds Live", "description": "Samsung Galaxy Buds Live: Enjoy immersive sound with Active Noise Cancellation (ANC) and deep bass in a stylish, ergonomic design.", "image": "product_images/buds_live.png", "price": "120.00", "quantity": 29}}, {"model": "core.product", "pk": 18, "fields": {"category": 5, "name": "Nothing Ears 2", "description": "Experience transparent sound with Nothing Ear (1).\r\n\r\nWith its unique transparent design, Nothing Ear (1) lets you hear the world around you while still enjoying your music. Active Noise Cancellation (ANC) blocks out unwanted noise, while Adaptive EQ tunes the sound to your ears for a personalized listening experience.", "image": "product_images/nothing_ear.png", "price": "200.00", "quantity": 10}}, {"model": "core.product", "pk": 19, "fields": {"category": 6, "name": "Apple Wacth Series 7", "description": "The Apple Watch Series 7 is the latest and greatest smartwatch from Apple. It features a new Always-On Retina display with nearly 20% more screen area than the Series 6, and the most crack-resistant front crystal yet on an Apple Watch. The Series 7 also features a new faster S7 SiP chip and improved battery life", "image": "product_images/wacth_7.png", "price": "250.00", "quantity": 100}}, {"model": "core.product", "pk": 20, "fields": {"category": 6, "name": "Apple Watch SE", "description": "The Apple Watch SE is a great option for people who want the essential features of an Apple Watch at a more affordable price. It features a sleek design, a powerful S5 SiP chip, and a variety of health and fitness tracking features.", "image": "product_images/watch_se.png", "price": "180.00", "quantity": 100}}, {"model": "core.product", "pk": 22, "fields": {"category": 6, "name": "Apple Watch Ultra (Cloth)", "description": "The Apple Watch Ultra is the most rugged and capable Apple Watch yet. It features a new design with a 49mm titanium case, a larger and brighter display, and a longer battery life. The Apple Watch Ultra also comes with a variety of new features, including a depth gauge, a precision dual-frequency GPS, and a new Oceanic+ app for scuba divers.", "image": "product_images/apple_wacth_ultra_cloth.png", "price": "450.00", "quantity": 9}}, {"model": "core.product", "pk": 23, "fields": {"category": 6, "name": "Samsung Galaxy Watch", "description": "The Samsung Galaxy Watch is a stylish and feature-rich smartwatch that is perfect for people who want to stay connected and healthy. It features a sleek design with a variety of watch faces and bands to choose from. The Galaxy Watch also comes with a variety of health and fitness tracking features, including a heart rate monitor, GPS, and sleep tracking.", "image": "product_images/samsung_watch.png", "price": "119.99", "quantity": 100}}, {"model": "core.product", "pk": 24, "fields": {"category": 7, "name": "Apple Lightning- Type C", "description": "A Lighting-to-C charger is a cable that allows you to charge an iPhone or other Apple device with a USB-C charger. This can be useful if you have a newer laptop or power bank that only has USB-C ports.\r\n\r\nLighting-to-C chargers are available from a variety of manufacturers, including Apple. It is important to choose a charger that is certified by Apple to ensure that it will work safely and reliably with your device.", "image": "product_images/lightning_type_c_SKV7knf.png", "price": "50.00", "quantity": 99}}, {"model": "core.product", "pk": 25, "fields": {"category": 7, "name": "Apple MagSafe", "description": "MagSafe is a wireless charging technology developed by Apple. It uses magnets to align the charger with the iPhone, ensuring that it is always in the optimal position for charging. MagSafe chargers can deliver up to 15W of power, which is faster than traditional wireless chargers.\r\n\r\nMagSafe chargers are also compatible with MagSafe cases and accessories. This means that you can charge your iPhone without having to remove it from its case, and you can also use MagSafe accessories to attach your iPhone to other devices, such as a car mount or a MagSafe battery pack.", "image": "product_images/magsafe.png", "price": "100.00", "quantity": 100}}, {"model": "core.product", "pk": 26, "fields": {"category": 7, "name": "Apple 2x Lightning -Type C", "description": "A Lighting-to-C charger is a cable that allows you to charge an iPhone or other Apple device with a USB-C charger. This can be useful if you have a newer laptop or power bank that only has USB-C ports.\r\n\r\nLighting-to-C chargers are available from a variety of manufacturers, including Apple. It is important to choose a charger that is certified by Apple to ensure that it will work safely and reliably with your device.", "image": "product_images/american_2x_lightning.png", "price": "100.00", "quantity": 100}}, {"model": "core.product", "pk": 27, "fields": {"category": 7, "name": "HOCO 3 in 1 charger", "description": "A 3-in-1 charger station is a device that allows you to charge three devices simultaneously. It is typically used to charge a smartphone, a smartwatch, and a wireless earbud case.", "image": "product_images/3_in_1_charge_2.png", "price": "120.00", "quantity": 50}}, {"model": "core.product", "pk": 28, "fields": {"category": 6, "name": "Apple Wacth Ultra (Silic)", "description": "The Apple Watch Ultra is the most rugged and capable Apple Watch yet. It features a new design with a 49mm titanium case, a larger and brighter display, and a longer battery life. The Apple Watch Ultra also comes with a variety of new features, including a depth gauge, a precision dual-frequency GPS, and a new Oceanic+ app for scuba divers.", "image": "product_images/Apple_watch_ultra_ocean_band_white-removebg-preview_Rf9Y4ku.png", "price": "420.00", "quantity": 10}}, {"model": "core.cartitem", "pk": 92, "fields": {"user": 11, "product": 4, "quantity": 1}}, {"model": "core.cartitem", "pk": 93, "fields": {"user": 11, "product": 6, "quantity": 1}}, {"model": "core.cartitem", "pk": 122, "fields": {"user": 35, "product": 9, "quantity": 1}}, {"model": "core.cartitem", "pk": 123, "fields": {"user": 35, "product": 5, "quantity": 1}}, {"model": "core.cartitem", "pk": 141, "fields": {"user": 38, "product": 8, "quantity": 1}}, {"model": "core.cartitem", "pk": 142, "fields": {"user": 41, "product": 17, "quantity": 1}}, {"model": "core.cartitem", "pk": 143, "fields": {"user": 41, "product": 5, "quantity": 2}}, {"model": "core.wishlistitem", "pk": 46, "fields": {"user": 35, "product": 4}}, {"model": "core.wishlistitem", "pk": 50, "fields": {"user": 37, "product": 5}}, {"model": "core.wishlistitem", "pk": 56, "fields": {"user": 38, "product": 6}}, {"model": "core.wishlistitem", "pk": 57, "fields": {"user": 38, "product": 5}}, {"model": "core.wishlistitem", "pk": 60, "fields": {"user": 40, "product": 3}}, {"model": "core.wishlistitem", "pk": 61, "fields": {"user": 40, "product": 15}}]
